site_id,regime,soil_moisture_frac,surface_elevation_cm,distance_to_water_m,vegetation_height_cm,canopy_cover_pct,greenness_index,plant_wetness_score,belowground_carbon_Mg_ha
S0001,wetland_saturated,0.8252,59.99,0.0,78.29,68.89,0.6739,4.0,108.36
S0002,wetland_saturated,0.8225,60.69,7.02,74.77,59.25,0.7824,5.0,103.17
S0003,wetland_saturated,0.8677,73.92,2.19,103.95,79.97,0.732,4.3,131.26
S0004,wetland_saturated,0.9234,72.95,0.0,94.56,82.33,0.8368,4.1,178.31
S0005,prairie_mesic,0.2809,85.97,58.41,75.58,80.03,0.3713,2.3,51.58
S0006,wetland_saturated,0.6181,73.13,72.17,27.9,46.63,0.4642,3.9,41.35
S0007,prairie_mesic,0.3173,96.86,65.8,74.76,55.8,0.3523,2.7,46.53
S0008,prairie_mesic,0.2725,86.53,49.08,66.52,60.43,0.4315,2.2,46.42
S0009,wetland_saturated,0.7819,66.61,0.0,107.04,78.52,0.7572,4.2,98.44
S0010,prairie_mesic,0.3827,88.63,81.52,62.05,70.38,0.4901,3.7,56.79
S0011,prairie_mesic,0.1834,89.44,77.63,56.37,37.86,0.3667,1.5,42.11
S0012,wetland_saturated,0.9502,45.04,0.0,119.46,77.52,0.7599,4.7,192.64
S0013,prairie_mesic,0.3115,104.92,55.05,91.64,65.93,0.4963,2.0,56.05
S0014,prairie_mesic,0.2969,89.22,43.5,38.28,72.73,0.3369,2.5,48.56
S0015,prairie_mesic,0.2022,123.51,106.57,21.08,23.78,0.3182,1.7,33.25
S0016,wetland_saturated,0.6148,71.29,47.0,30.17,44.56,0.4484,2.8,39.25
S0017,wetland_saturated,0.7647,61.45,38.95,79.32,56.16,0.6204,3.9,74.38
S0018,prairie_mesic,0.0887,148.31,104.93,19.0,3.39,0.2573,1.0,11.25
S0019,prairie_mesic,0.3567,77.77,78.37,89.6,27.96,0.5954,2.1,59.58
S0020,wetland_saturated,0.7968,37.48,21.66,90.71,61.96,0.74,4.3,84.63
S0021,prairie_mesic,0.3294,103.64,74.81,80.57,60.15,0.4648,2.2,53.58
S0022,prairie_mesic,0.2113,93.47,92.69,52.06,49.79,0.4421,1.5,39.56
S0023,wetland_saturated,0.6834,60.24,45.78,61.27,60.88,0.4705,3.9,55.63
S0024,wetland_saturated,0.5866,65.13,54.85,44.08,62.12,0.4583,3.8,40.97
S0025,wetland_saturated,0.8605,64.33,2.05,86.23,73.45,0.6911,4.5,120.66
S0026,prairie_mesic,0.0945,108.57,129.08,19.65,26.69,0.3446,1.4,13.65
S0027,prairie_mesic,0.292,90.94,55.59,59.13,58.2,0.3796,2.2,43.95
S0028,wetland_saturated,0.7991,64.38,13.09,71.46,50.58,0.726,4.1,87.5
S0029,prairie_mesic,0.255,93.84,84.84,46.33,39.8,0.3941,1.3,40.18
S0030,wetland_saturated,0.5937,64.31,55.98,40.08,73.59,0.4647,2.5,47.61
S0031,wetland_saturated,0.6906,56.21,28.99,67.7,27.05,0.5595,4.0,75.54
S0032,prairie_mesic,0.3317,75.23,70.39,67.83,49.68,0.3734,3.3,56.25
S0033,prairie_mesic,0.2019,106.17,88.61,47.6,36.73,0.3433,1.0,27.87
S0034,prairie_mesic,0.1182,120.01,76.22,23.24,43.67,0.3155,1.1,27.31
S0035,wetland_saturated,0.5908,73.58,53.54,56.12,38.23,0.3939,2.6,27.58
S0036,wetland_saturated,0.7174,55.36,13.26,76.0,69.01,0.6118,3.4,57.47
S0037,prairie_mesic,0.3807,89.47,30.4,78.56,71.09,0.5566,3.3,61.47
S0038,prairie_mesic,0.3239,81.81,61.6,82.76,84.43,0.5102,2.4,57.43
S0039,wetland_saturated,0.9541,60.16,10.41,91.56,89.56,0.9396,4.4,221.74
S0040,wetland_saturated,0.7493,74.54,23.74,74.33,74.15,0.6697,3.7,92.55
S0041,prairie_mesic,0.1689,107.99,102.14,32.25,51.47,0.3614,2.4,27.68
S0042,prairie_mesic,0.3212,95.13,33.97,64.71,53.45,0.5888,3.0,54.41
S0043,wetland_saturated,0.9137,55.42,0.0,118.14,100.0,0.8379,4.4,193.62
S0044,wetland_saturated,0.7454,62.61,46.14,96.46,60.94,0.6482,2.9,97.53
S0045,prairie_mesic,0.4268,108.36,39.6,75.48,58.06,0.6282,2.9,69.08
S0046,prairie_mesic,0.2377,105.95,88.44,52.03,45.43,0.4443,2.0,32.77
S0047,prairie_mesic,0.328,69.49,48.73,80.31,56.5,0.3693,2.1,53.22
S0048,wetland_saturated,0.646,70.38,45.21,37.58,70.92,0.5074,3.3,51.05
S0049,prairie_mesic,0.2633,104.73,56.61,56.52,55.93,0.3937,2.4,54.82
S0050,prairie_mesic,0.3912,88.91,63.68,123.0,66.05,0.6107,2.9,67.3
S0051,wetland_saturated,0.9038,69.41,4.78,105.48,70.79,0.924,4.5,166.21
S0052,wetland_saturated,0.8085,51.26,8.61,72.66,64.44,0.6667,4.3,93.03
S0053,wetland_saturated,0.8466,45.05,0.0,90.75,75.81,0.9044,4.0,131.96
S0054,prairie_mesic,0.1964,111.27,93.95,13.31,27.17,0.2792,1.3,21.69
S0055,wetland_saturated,0.6405,46.11,25.87,35.08,60.39,0.4152,2.6,53.18
S0056,wetland_saturated,0.9114,56.62,9.23,91.9,73.0,0.7958,4.2,177.37
S0057,prairie_mesic,0.3721,103.84,95.81,94.75,63.73,0.4992,3.6,66.16
S0058,wetland_saturated,0.72,38.2,53.44,54.74,78.15,0.5968,3.3,61.36
S0059,prairie_mesic,0.1118,105.88,112.25,46.01,32.08,0.3113,1.9,17.69
S0060,prairie_mesic,0.1013,107.25,98.56,20.05,26.84,0.3633,1.6,17.63
S0061,wetland_saturated,0.8461,60.48,0.0,106.31,67.1,0.7768,4.7,132.26
S0062,wetland_saturated,0.5729,74.51,33.82,28.99,49.32,0.3777,3.7,28.34
S0063,wetland_saturated,0.6372,79.11,61.18,52.41,47.34,0.5569,3.4,67.39
S0064,prairie_mesic,0.4027,101.04,43.74,121.58,71.02,0.5917,2.5,67.29
S0065,prairie_mesic,0.0901,127.69,94.04,21.03,16.57,0.1893,1.4,7.96
S0066,wetland_saturated,0.6986,67.05,41.61,50.52,46.24,0.4738,3.4,51.47
S0067,wetland_saturated,0.5851,75.51,33.42,59.58,43.67,0.5246,3.5,43.96
S0068,wetland_saturated,0.6885,51.37,18.85,58.7,66.19,0.4556,4.4,54.75
S0069,prairie_mesic,0.267,100.95,66.03,58.79,53.21,0.3706,1.9,53.05
S0070,prairie_mesic,0.2589,81.75,57.47,71.75,54.61,0.4837,2.9,49.54
S0071,wetland_saturated,0.8638,70.58,0.0,76.04,64.4,0.7703,3.8,142.22
S0072,wetland_saturated,0.7372,71.9,3.65,84.2,86.58,0.7402,4.4,84.03
S0073,prairie_mesic,0.3226,91.84,69.96,57.32,61.34,0.4524,2.7,50.2
S0074,wetland_saturated,0.8455,58.01,7.73,93.82,71.91,0.6706,3.8,114.05
S0075,prairie_mesic,0.3147,93.7,58.62,85.07,79.85,0.4472,2.0,64.34
S0076,wetland_saturated,0.9061,28.25,11.88,105.42,80.44,0.8566,4.1,167.53
S0077,prairie_mesic,0.1973,114.38,89.27,36.46,36.24,0.3327,1.8,37.94
S0078,prairie_mesic,0.297,89.33,60.71,54.99,49.56,0.3868,2.1,47.72
S0079,wetland_saturated,0.6314,66.28,52.64,55.65,63.39,0.4022,3.4,40.39
S0080,wetland_saturated,0.6836,65.72,37.1,60.95,57.17,0.5619,3.4,67.95
S0081,prairie_mesic,0.2166,104.8,83.18,45.57,64.12,0.321,2.8,34.09
S0082,wetland_saturated,0.7655,45.69,19.76,65.51,58.1,0.6525,4.0,96.6
S0083,wetland_saturated,0.5973,70.09,37.96,37.52,36.04,0.4051,3.4,35.81
S0084,wetland_saturated,0.7397,58.57,12.33,91.3,50.07,0.681,3.8,72.05
S0085,prairie_mesic,0.3308,90.27,70.58,77.19,75.3,0.3449,2.2,54.82
S0086,prairie_mesic,0.3127,91.1,68.05,65.75,72.85,0.4198,3.3,59.37
S0087,wetland_saturated,0.6035,88.39,59.74,43.84,22.46,0.4991,2.6,36.67
S0088,wetland_saturated,0.5984,58.2,52.77,48.59,47.44,0.4628,3.4,38.1
S0089,prairie_mesic,0.1337,122.98,103.55,22.45,12.45,0.3325,1.0,6.31
S0090,wetland_saturated,0.8002,75.02,18.67,79.59,86.99,0.8638,4.7,113.94
S0091,wetland_saturated,0.6552,43.74,54.68,54.61,47.21,0.5397,3.6,65.3
S0092,wetland_saturated,0.7406,61.21,46.93,57.73,42.71,0.5413,3.1,64.3
S0093,prairie_mesic,0.1461,113.38,99.79,24.66,26.11,0.2469,1.3,16.62
S0094,wetland_saturated,0.6587,60.47,63.81,67.56,26.61,0.5432,3.1,47.22
S0095,wetland_saturated,0.7855,49.85,15.15,81.4,83.72,0.7738,4.1,111.48
S0096,wetland_saturated,0.9354,52.34,12.41,108.38,87.81,0.8419,4.6,204.82
S0097,wetland_saturated,0.864,81.63,8.96,104.23,99.32,0.7909,3.7,141.84
S0098,prairie_mesic,0.3085,76.15,67.37,50.05,47.98,0.5516,3.1,48.77
S0099,wetland_saturated,0.9105,45.82,0.0,110.96,95.83,0.8773,3.5,175.59
S0100,prairie_mesic,0.0871,108.69,116.28,15.91,18.69,0.1876,1.0,2.63
S0101,prairie_mesic,0.1755,129.47,133.43,52.8,32.61,0.3048,1.3,23.74
S0102,prairie_mesic,0.1323,108.94,89.03,31.31,28.25,0.3568,1.4,17.84
S0103,prairie_mesic,0.3433,88.81,59.02,76.19,77.58,0.463,3.2,63.78
S0104,prairie_mesic,0.3804,84.84,50.57,58.92,50.25,0.3988,3.8,52.59
S0105,wetland_saturated,0.8551,50.48,0.0,94.97,100.0,0.8454,4.4,142.23
S0106,wetland_saturated,0.6186,68.11,72.15,57.73,58.67,0.5452,2.5,37.21
S0107,wetland_saturated,0.6384,91.91,33.31,63.04,45.3,0.465,2.7,59.72
S0108,prairie_mesic,0.2246,117.22,74.02,59.81,57.24,0.4582,2.0,37.32
S0109,wetland_saturated,0.9351,45.33,0.0,117.74,74.69,0.9034,4.5,197.39
S0110,prairie_mesic,0.1663,125.16,87.81,40.19,39.27,0.3771,1.7,25.38
S0111,prairie_mesic,0.3567,79.87,33.0,86.06,38.46,0.386,2.6,62.9
S0112,prairie_mesic,0.3935,72.16,64.69,109.4,64.84,0.652,3.2,65.45
S0113,prairie_mesic,0.1664,126.67,138.24,35.73,9.85,0.2281,1.0,20.92
S0114,prairie_mesic,0.144,127.07,89.47,41.7,36.06,0.406,1.6,21.55
S0115,prairie_mesic,0.3578,100.99,31.75,61.62,70.36,0.406,2.0,60.0
S0116,prairie_mesic,0.2263,97.2,95.17,24.98,57.53,0.3516,1.0,36.81
S0117,wetland_saturated,0.6311,65.38,35.05,36.03,49.85,0.4784,2.6,48.6
S0118,wetland_saturated,0.9632,62.56,22.4,99.22,86.02,0.7494,4.9,211.68
S0119,wetland_saturated,0.5733,81.78,48.93,50.89,50.81,0.3021,2.9,32.31
S0120,wetland_saturated,0.9168,52.37,0.0,120.77,86.36,0.8593,3.7,188.72
S0121,prairie_mesic,0.1743,91.14,86.42,51.25,22.32,0.4283,1.7,29.51
S0122,wetland_saturated,0.8283,62.43,18.21,75.65,82.76,0.6997,3.6,126.83
S0123,prairie_mesic,0.1378,132.59,99.03,9.75,31.04,0.1859,1.6,10.65
S0124,wetland_saturated,0.6493,54.79,39.23,40.94,54.85,0.4459,3.0,22.12
S0125,prairie_mesic,0.1454,128.23,100.09,9.13,32.18,0.1994,1.4,18.62
S0126,prairie_mesic,0.3254,96.2,49.51,57.41,60.56,0.5045,1.6,43.7
S0127,wetland_saturated,0.9129,64.35,8.72,105.88,100.0,0.8444,4.1,192.84
S0128,prairie_mesic,0.2454,107.46,49.39,6.15,32.93,0.4311,2.5,38.52
S0129,wetland_saturated,0.5705,68.77,45.96,42.94,53.57,0.5036,3.3,34.9
S0130,wetland_saturated,0.5739,59.56,64.49,76.9,38.98,0.4151,3.1,35.6
S0131,wetland_saturated,0.66,56.4,44.35,60.03,50.88,0.5873,3.6,56.77
S0132,prairie_mesic,0.2004,111.85,90.17,69.92,56.2,0.4661,1.4,39.06
S0133,wetland_saturated,0.7371,52.01,19.61,90.44,61.55,0.7188,4.1,86.41
S0134,wetland_saturated,0.954,44.74,20.66,129.91,84.63,0.9123,4.5,217.04
S0135,wetland_saturated,0.8042,40.81,22.04,78.63,95.3,0.7531,4.3,115.45
S0136,wetland_saturated,0.9182,78.97,9.61,123.86,83.77,0.8308,4.9,173.08
S0137,wetland_saturated,0.79,69.08,24.98,67.08,91.49,0.6701,4.3,107.5
S0138,wetland_saturated,0.9401,69.27,14.73,126.32,66.61,0.7998,4.5,150.5
S0139,wetland_saturated,0.6672,72.45,32.44,59.48,60.36,0.5,3.7,65.44
S0140,wetland_saturated,0.7131,64.97,10.93,29.96,82.11,0.6308,3.9,69.72
S0141,wetland_saturated,0.617,64.18,51.91,45.65,50.6,0.4706,4.0,61.67
S0142,prairie_mesic,0.3462,88.0,71.18,83.04,71.75,0.446,2.1,60.04
S0143,prairie_mesic,0.2906,89.35,87.31,89.72,56.01,0.3863,1.7,45.9
S0144,prairie_mesic,0.3693,118.29,43.12,87.58,48.8,0.5053,2.1,62.93
S0145,prairie_mesic,0.2425,100.01,57.12,58.55,85.21,0.3305,2.4,45.35
S0146,prairie_mesic,0.2564,91.39,81.28,54.77,43.4,0.4372,1.9,42.82
S0147,prairie_mesic,0.1051,124.44,99.63,40.55,29.96,0.1902,1.3,20.79
S0148,wetland_saturated,0.9046,50.01,0.0,103.7,97.99,0.7969,4.2,156.68
S0149,prairie_mesic,0.3,108.66,73.47,57.26,61.35,0.3936,2.8,52.02
S0150,prairie_mesic,0.3711,82.21,28.98,65.21,58.88,0.491,1.9,60.39
S0151,prairie_mesic,0.3139,94.79,43.05,67.83,58.97,0.5054,3.0,68.9
S0152,prairie_mesic,0.1078,131.04,120.97,16.78,28.09,0.2497,1.4,15.44
S0153,prairie_mesic,0.1427,123.37,127.84,23.08,18.76,0.4051,1.1,10.94
S0154,wetland_saturated,0.8155,60.23,0.0,62.24,57.64,0.7035,2.7,91.13
S0155,prairie_mesic,0.4188,90.76,50.59,100.58,58.12,0.5875,2.0,70.91
S0156,prairie_mesic,0.2026,98.97,78.99,36.21,59.48,0.4126,2.6,39.31
S0157,wetland_saturated,0.8147,53.67,37.73,112.4,56.09,0.6191,3.9,103.34
S0158,prairie_mesic,0.1566,113.16,91.87,43.23,29.0,0.343,1.0,18.04
S0159,wetland_saturated,0.6387,78.64,32.81,33.53,62.27,0.4269,3.8,46.79
S0160,wetland_saturated,0.6716,61.19,63.21,15.51,49.94,0.6119,2.6,60.4
S0161,prairie_mesic,0.2322,92.42,74.51,40.38,49.98,0.291,1.7,39.86
S0162,wetland_saturated,0.7333,52.13,35.58,69.26,55.01,0.6307,3.7,80.28
S0163,wetland_saturated,0.6117,77.96,22.38,66.09,51.76,0.5004,4.2,54.8
S0164,wetland_saturated,0.7919,66.96,10.13,72.74,91.87,0.7703,3.4,106.89
S0165,prairie_mesic,0.2294,105.49,53.13,77.98,46.77,0.4355,2.5,39.95
S0166,prairie_mesic,0.1353,114.98,83.09,28.45,23.51,0.3138,1.3,13.9
S0167,wetland_saturated,0.6306,73.35,58.37,44.06,32.92,0.5088,2.8,69.2
S0168,wetland_saturated,0.919,49.8,1.97,111.61,100.0,0.8367,5.0,176.72
S0169,wetland_saturated,0.9218,54.68,0.0,116.08,81.83,0.8968,4.5,169.72
S0170,prairie_mesic,0.4243,102.19,44.0,81.42,70.78,0.5464,2.5,72.2
S0171,wetland_saturated,0.9455,62.9,0.0,123.48,89.54,0.8775,4.4,212.08
S0172,wetland_saturated,0.9403,43.0,7.48,135.48,97.22,0.8638,4.4,205.61
S0173,wetland_saturated,0.6344,59.34,62.13,42.01,56.29,0.5371,3.0,50.87
S0174,prairie_mesic,0.0921,120.12,60.84,19.23,40.89,0.2074,1.3,13.16
S0175,prairie_mesic,0.1738,132.43,81.54,18.96,25.78,0.3359,1.6,21.98
S0176,wetland_saturated,0.6187,50.35,51.91,37.46,38.75,0.4351,3.0,37.76
S0177,prairie_mesic,0.3222,92.44,60.15,63.92,61.72,0.4369,2.7,57.38
S0178,wetland_saturated,0.9772,37.05,9.19,124.58,87.44,0.9265,4.8,220.01
S0179,wetland_saturated,0.6615,52.38,37.66,62.88,61.7,0.5272,3.7,62.21
S0180,wetland_saturated,0.7401,54.66,11.61,74.69,63.17,0.7756,3.6,87.07
S0181,wetland_saturated,0.7241,53.66,21.57,65.71,60.8,0.6078,3.6,73.88
S0182,prairie_mesic,0.3447,83.13,55.11,89.47,68.82,0.4623,3.9,59.22
S0183,prairie_mesic,0.3978,90.61,72.82,102.95,53.66,0.6011,2.9,66.51
S0184,prairie_mesic,0.3627,83.69,45.61,80.66,30.69,0.5365,2.7,61.51
S0185,prairie_mesic,0.1114,106.25,103.73,21.08,30.05,0.2481,1.0,12.14
S0186,prairie_mesic,0.371,97.65,60.82,76.67,49.61,0.4678,3.3,55.78
S0187,wetland_saturated,0.6374,77.94,71.56,54.63,49.76,0.4525,3.7,46.96
S0188,wetland_saturated,0.5919,85.05,47.78,23.28,37.48,0.3333,2.9,27.84
S0189,wetland_saturated,0.69,40.94,40.75,62.8,60.61,0.6451,3.8,82.44
S0190,wetland_saturated,0.7721,61.23,39.37,65.7,54.19,0.6577,4.7,93.07
S0191,wetland_saturated,0.6072,86.12,52.77,57.62,68.17,0.387,3.0,24.8
S0192,wetland_saturated,0.7884,47.17,13.81,71.17,79.38,0.6513,4.2,96.45
S0193,prairie_mesic,0.1976,103.43,77.85,18.75,38.19,0.3918,1.7,35.37
S0194,wetland_saturated,0.9668,51.72,0.0,115.68,100.0,0.823,4.4,216.96
S0195,prairie_mesic,0.3961,110.11,69.02,100.7,68.26,0.4462,3.4,56.68
S0196,prairie_mesic,0.2773,118.67,79.18,83.88,52.42,0.3927,1.7,42.81
S0197,wetland_saturated,0.7291,39.51,26.64,88.84,59.53,0.5123,4.4,70.75
S0198,prairie_mesic,0.1212,146.98,84.09,16.14,25.46,0.2612,1.7,18.42
S0199,wetland_saturated,0.6365,60.8,34.6,28.76,44.86,0.3542,3.0,36.57
S0200,wetland_saturated,0.7037,70.0,65.33,37.13,60.39,0.5542,3.0,64.61
S0201,wetland_saturated,0.7465,68.94,15.66,63.09,76.97,0.5787,3.4,95.95
S0202,wetland_saturated,0.6251,60.84,38.17,34.41,34.33,0.5344,3.0,40.43
S0203,wetland_saturated,0.6414,74.69,69.29,26.5,52.95,0.3961,2.1,58.38
S0204,prairie_mesic,0.231,99.39,83.77,21.04,39.08,0.3166,1.8,36.75
S0205,wetland_saturated,0.82,66.42,18.62,62.14,76.83,0.7181,3.8,114.53
S0206,prairie_mesic,0.1328,120.39,96.89,15.71,47.16,0.2892,1.4,19.77
S0207,wetland_saturated,0.7991,71.45,13.4,93.0,82.16,0.5591,4.1,82.43
S0208,prairie_mesic,0.0966,121.68,100.07,4.0,24.8,0.29,1.1,12.49
S0209,prairie_mesic,0.1292,115.56,77.71,18.79,34.19,0.3042,1.4,15.47
S0210,prairie_mesic,0.2032,117.84,84.26,36.76,21.47,0.3796,2.2,34.24
S0211,wetland_saturated,0.9623,60.8,7.34,101.8,98.16,0.8454,5.0,189.22
S0212,wetland_saturated,0.8067,69.15,34.95,78.67,75.11,0.7858,3.8,108.83
S0213,wetland_saturated,0.8554,53.59,4.87,104.33,78.08,0.8745,4.0,143.18
S0214,prairie_mesic,0.3575,79.22,20.47,103.65,71.45,0.6229,2.7,65.61
S0215,prairie_mesic,0.1862,103.09,88.1,48.8,50.62,0.4623,1.1,31.7
S0216,wetland_saturated,0.8483,54.43,45.27,110.26,50.96,0.6368,4.4,138.14
S0217,prairie_mesic,0.2761,100.77,80.85,68.27,41.93,0.3395,2.3,49.59
S0218,wetland_saturated,0.7457,68.62,14.13,69.31,76.06,0.6889,4.3,78.7
S0219,wetland_saturated,0.9454,50.42,12.01,121.34,100.0,0.95,5.0,207.63
S0220,prairie_mesic,0.1154,136.99,92.0,34.01,39.98,0.2275,1.0,18.83
S0221,prairie_mesic,0.2662,108.57,49.84,66.2,80.71,0.3656,1.7,48.71
S0222,wetland_saturated,0.9338,60.49,0.0,92.23,72.56,0.8163,4.4,179.78
S0223,wetland_saturated,0.7445,48.81,27.09,66.5,57.78,0.72,3.1,77.44
S0224,prairie_mesic,0.3059,106.77,33.77,67.2,52.24,0.4009,2.4,58.45
S0225,prairie_mesic,0.2895,90.54,48.95,73.45,60.95,0.3043,2.7,53.53
S0226,prairie_mesic,0.3655,90.39,58.97,77.65,61.1,0.4823,2.6,56.21
S0227,wetland_saturated,0.7036,56.02,28.62,54.1,81.86,0.5264,3.0,68.14
S0228,prairie_mesic,0.1583,99.41,95.28,53.55,55.72,0.3967,1.7,31.52
S0229,wetland_saturated,0.9442,40.29,0.0,97.28,88.07,0.95,4.7,193.5
S0230,prairie_mesic,0.1661,115.83,99.71,52.5,33.3,0.2719,1.8,26.95
S0231,prairie_mesic,0.1434,112.17,84.77,7.48,16.18,0.2629,1.3,5.18
S0232,prairie_mesic,0.2132,141.53,112.55,44.24,41.77,0.4197,2.1,25.91
S0233,prairie_mesic,0.3042,78.78,39.47,56.94,45.89,0.4442,2.6,57.53
S0234,prairie_mesic,0.2234,88.48,65.22,23.12,50.19,0.4068,1.7,33.52
S0235,prairie_mesic,0.1539,120.18,101.52,26.35,36.39,0.231,2.0,31.11
S0236,wetland_saturated,0.9392,73.98,27.68,112.24,89.09,0.9084,3.2,176.0
S0237,wetland_saturated,0.7281,58.55,30.34,97.65,46.59,0.5733,4.0,76.09
S0238,wetland_saturated,0.6852,67.59,46.54,59.02,67.18,0.5015,2.6,57.71
S0239,prairie_mesic,0.3233,69.9,64.23,69.19,71.51,0.3629,2.6,52.86
S0240,prairie_mesic,0.297,82.57,48.19,99.36,57.79,0.4257,2.2,61.4
S0241,wetland_saturated,0.8693,49.09,0.0,87.32,79.47,0.6842,4.2,144.21
S0242,wetland_saturated,0.8594,39.98,0.0,89.74,80.41,0.832,4.8,154.16
S0243,wetland_saturated,0.7448,59.47,0.0,63.06,53.15,0.6376,2.9,83.87
S0244,prairie_mesic,0.0453,98.62,112.33,28.79,26.34,0.0578,1.8,4.5
S0245,wetland_saturated,0.808,44.74,0.0,95.16,60.44,0.6964,3.7,102.76
S0246,prairie_mesic,0.3493,83.84,67.62,60.51,65.86,0.2917,1.7,57.95
S0247,prairie_mesic,0.3061,83.7,49.54,75.86,48.95,0.3461,2.0,54.36
S0248,wetland_saturated,0.8523,65.12,7.88,91.44,83.44,0.7531,3.8,160.81
S0249,wetland_saturated,0.7459,61.26,19.21,61.72,43.16,0.5693,3.5,82.24
S0250,wetland_saturated,0.7204,69.92,56.67,63.73,54.2,0.5431,4.2,67.07
S0251,prairie_mesic,0.1979,113.24,89.51,40.7,49.12,0.3581,2.3,30.85
S0252,prairie_mesic,0.4005,103.28,74.02,93.42,77.23,0.5654,3.9,66.2
S0253,prairie_mesic,0.0483,122.95,94.36,25.8,7.6,0.2128,1.7,10.22
S0254,prairie_mesic,0.2853,95.89,69.43,80.05,41.86,0.3065,2.7,45.15
S0255,wetland_saturated,0.795,65.98,0.0,91.42,71.7,0.7013,3.8,107.43
S0256,prairie_mesic,0.2262,103.48,74.95,70.72,35.82,0.4862,1.4,35.62
S0257,prairie_mesic,0.0825,116.58,98.8,32.32,11.85,0.1915,1.2,19.53
S0258,wetland_saturated,0.9665,48.93,0.0,140.13,100.0,0.8596,5.0,218.25
S0259,prairie_mesic,0.4119,81.4,37.45,102.77,60.6,0.5602,2.7,65.36
S0260,wetland_saturated,0.9439,56.55,0.0,106.79,87.82,0.9426,4.6,222.35
S0261,wetland_saturated,0.7046,56.96,0.0,53.53,46.19,0.5197,3.7,75.97
S0262,wetland_saturated,0.8749,50.78,0.0,103.69,96.84,0.8875,5.0,175.54
S0263,prairie_mesic,0.3259,81.82,69.74,74.38,78.89,0.4714,2.1,54.73
S0264,wetland_saturated,0.6117,57.19,24.86,45.05,38.35,0.5332,3.7,35.12
S0265,prairie_mesic,0.1014,129.42,79.38,32.04,17.39,0.2924,1.1,19.76
S0266,prairie_mesic,0.2909,93.2,95.09,82.11,67.0,0.3981,2.2,48.4
S0267,prairie_mesic,0.196,95.9,75.59,46.5,45.7,0.4872,2.3,33.63
S0268,prairie_mesic,0.1145,127.05,104.13,31.2,55.25,0.2748,1.0,19.86
S0269,wetland_saturated,0.8623,55.02,13.64,75.71,68.87,0.9127,4.2,152.03
S0270,prairie_mesic,0.3834,73.8,67.21,78.79,70.31,0.5029,2.7,58.83
S0271,wetland_saturated,0.8084,70.66,0.0,84.01,62.4,0.599,3.6,99.58
S0272,wetland_saturated,0.8627,55.44,1.06,103.08,84.67,0.8093,4.3,126.02
S0273,wetland_saturated,0.7627,53.35,0.0,100.37,55.21,0.7216,4.1,70.44
S0274,prairie_mesic,0.1646,109.33,125.7,33.7,52.9,0.2983,1.9,31.3
S0275,wetland_saturated,0.7616,70.61,0.0,85.63,54.53,0.6981,4.3,81.94
S0276,prairie_mesic,0.1222,120.55,86.23,10.55,13.01,0.3425,1.0,16.89
S0277,wetland_saturated,0.5842,63.31,37.06,33.86,44.37,0.3879,3.0,44.81
S0278,prairie_mesic,0.1659,120.71,72.99,47.65,10.09,0.3334,1.3,20.21
S0279,prairie_mesic,0.1006,115.35,122.67,42.28,34.27,0.2374,1.0,12.28
S0280,wetland_saturated,0.8939,81.58,39.82,111.95,75.44,0.7068,4.5,156.95
S0281,wetland_saturated,0.9529,54.86,0.0,125.62,97.15,0.7995,5.0,200.37
S0282,wetland_saturated,0.6326,35.6,15.99,45.83,80.12,0.5769,3.8,79.98
S0283,wetland_saturated,0.8978,65.1,0.0,118.49,62.76,0.8506,4.9,137.65
S0284,prairie_mesic,0.29,110.44,54.54,83.84,55.74,0.4073,2.6,49.77
S0285,wetland_saturated,0.9468,69.32,0.0,103.27,89.27,0.933,4.6,209.44
S0286,prairie_mesic,0.4194,110.89,45.7,96.1,61.79,0.5954,2.8,69.93
S0287,wetland_saturated,0.839,50.07,9.57,99.3,73.25,0.7362,3.8,127.8
S0288,wetland_saturated,0.7728,69.74,18.0,97.72,56.89,0.6266,4.5,94.2
S0289,wetland_saturated,0.9227,46.5,7.74,117.33,100.0,0.9136,5.0,197.33
S0290,prairie_mesic,0.1312,123.73,98.4,42.23,38.52,0.3656,1.0,3.75
S0291,wetland_saturated,0.6685,44.9,15.65,65.83,56.5,0.6207,3.4,69.74
S0292,prairie_mesic,0.1149,115.65,115.3,4.0,2.91,0.2295,1.2,11.85
S0293,prairie_mesic,0.1763,103.51,91.46,18.05,38.69,0.4277,1.5,25.09
S0294,wetland_saturated,0.8899,68.42,16.06,127.97,75.14,0.8806,4.8,179.58
S0295,wetland_saturated,0.689,68.15,45.45,77.6,43.05,0.5587,3.7,67.5
S0296,wetland_saturated,0.6209,70.19,24.57,53.95,47.53,0.4517,3.1,44.66
S0297,prairie_mesic,0.3137,76.04,44.05,71.96,37.79,0.405,2.1,54.68
S0298,prairie_mesic,0.3427,85.75,49.4,75.38,79.76,0.4386,2.0,58.85
S0299,wetland_saturated,0.8865,49.54,0.0,124.16,71.43,0.9018,4.7,185.62
S0300,prairie_mesic,0.078,132.66,117.25,6.17,1.63,0.2162,1.0,4.24
S0301,wetland_saturated,0.8603,74.02,9.05,126.35,82.42,0.7319,4.0,152.23
S0302,prairie_mesic,0.2128,120.67,105.69,36.35,36.55,0.4123,1.4,25.48
S0303,wetland_saturated,0.8124,52.86,12.82,89.15,91.98,0.8381,4.2,118.46
S0304,prairie_mesic,0.4361,60.85,58.49,80.82,52.31,0.6049,2.1,64.24
S0305,wetland_saturated,0.8681,41.86,22.29,104.94,72.02,0.6816,4.1,144.7
S0306,prairie_mesic,0.1224,132.31,104.66,37.3,39.02,0.3748,1.8,24.36
S0307,prairie_mesic,0.295,85.59,64.55,70.83,66.47,0.4001,2.4,56.4
S0308,wetland_saturated,0.8649,52.67,25.81,92.33,80.6,0.7255,5.0,147.67
S0309,prairie_mesic,0.2466,111.6,71.89,33.83,56.41,0.4336,2.5,45.58
S0310,prairie_mesic,0.1179,134.62,97.85,4.0,33.49,0.2117,1.5,13.01
S0311,prairie_mesic,0.103,119.59,88.12,32.14,38.88,0.2092,2.2,17.83
S0312,prairie_mesic,0.196,95.41,87.72,13.25,55.85,0.3393,1.9,38.24
S0313,prairie_mesic,0.3573,87.89,75.61,99.84,59.42,0.5111,2.7,59.01
S0314,prairie_mesic,0.2449,94.94,67.64,36.41,42.28,0.3946,2.2,34.72
S0315,prairie_mesic,0.1057,137.77,121.35,33.06,35.5,0.1442,2.0,21.09
S0316,prairie_mesic,0.1008,125.02,72.44,10.18,28.91,0.2447,1.2,16.01
S0317,prairie_mesic,0.1615,118.63,90.12,48.41,38.34,0.4472,1.3,23.61
S0318,wetland_saturated,0.8336,72.16,12.94,94.02,78.54,0.7502,4.0,93.88
S0319,prairie_mesic,0.1991,93.95,75.83,9.64,31.05,0.3822,1.3,28.68
S0320,wetland_saturated,0.75,66.11,59.19,61.03,84.09,0.6745,3.6,90.37
S0321,prairie_mesic,0.3113,85.78,57.6,55.05,60.73,0.5063,2.8,53.98
S0322,prairie_mesic,0.4059,63.99,49.1,106.22,63.52,0.6984,2.9,70.62
S0323,wetland_saturated,0.662,41.0,43.22,67.66,49.96,0.5327,3.0,58.23
S0324,prairie_mesic,0.2462,83.07,41.22,58.02,38.54,0.5033,1.4,40.89
S0325,prairie_mesic,0.3453,95.04,49.45,61.03,59.1,0.468,2.5,58.97
S0326,prairie_mesic,0.1049,120.38,115.22,33.96,34.72,0.4396,1.1,17.68
S0327,wetland_saturated,0.7204,60.05,18.33,75.49,53.3,0.5814,3.7,68.91
S0328,wetland_saturated,0.8501,82.84,0.0,88.06,76.98,0.6937,4.3,132.69
S0329,wetland_saturated,0.8089,45.91,31.14,77.29,45.78,0.6844,2.7,104.86
S0330,wetland_saturated,0.8665,60.69,23.79,112.44,100.0,0.8156,4.2,150.93
S0331,wetland_saturated,0.6625,66.25,48.53,58.46,51.14,0.5107,2.7,68.63
S0332,wetland_saturated,0.7401,49.71,16.68,65.41,68.7,0.5238,4.5,80.88
S0333,prairie_mesic,0.2145,100.89,75.96,71.56,67.84,0.3954,1.5,41.86
S0334,prairie_mesic,0.2013,90.5,76.09,53.59,35.25,0.3737,1.8,28.94
S0335,prairie_mesic,0.3963,105.91,40.76,81.66,58.64,0.5911,3.1,66.94
S0336,prairie_mesic,0.1197,112.58,85.96,21.14,35.97,0.2585,1.5,18.26
S0337,prairie_mesic,0.0995,143.85,94.2,21.1,16.56,0.219,1.2,14.18
S0338,wetland_saturated,0.6442,69.21,32.56,51.59,60.3,0.3957,4.1,27.68
S0339,wetland_saturated,0.7245,69.26,3.6,65.94,63.93,0.6156,3.3,66.34
S0340,prairie_mesic,0.1287,117.73,102.79,27.35,37.61,0.3703,1.5,14.85
S0341,wetland_saturated,0.8066,59.48,15.21,98.49,58.68,0.6911,4.5,101.52
S0342,prairie_mesic,0.4055,83.14,82.13,85.26,68.19,0.3808,3.2,53.12
S0343,wetland_saturated,0.9273,54.16,0.0,118.57,100.0,0.8252,5.0,213.32
S0344,prairie_mesic,0.4023,93.69,60.29,90.65,59.28,0.5019,2.4,68.17
S0345,prairie_mesic,0.2889,80.58,65.59,67.62,79.65,0.4215,2.4,57.3
S0346,wetland_saturated,0.6649,62.59,38.46,60.95,58.45,0.5184,3.4,63.06
S0347,wetland_saturated,0.7351,52.42,44.1,77.33,79.93,0.442,2.6,64.91
S0348,prairie_mesic,0.323,115.03,74.43,50.73,65.54,0.3533,1.5,48.44
S0349,prairie_mesic,0.1311,118.31,105.58,13.79,18.96,0.2122,1.7,17.05
S0350,prairie_mesic,0.1645,128.28,87.81,53.51,44.54,0.4469,2.3,27.88
S0351,prairie_mesic,0.1207,118.08,96.46,19.29,28.83,0.2125,1.0,21.38
S0352,wetland_saturated,0.7477,60.73,1.25,98.24,51.28,0.6397,3.3,70.18
S0353,wetland_saturated,0.8536,46.75,0.0,83.03,68.11,0.8027,3.8,155.24
S0354,prairie_mesic,0.2003,100.25,75.55,48.51,49.88,0.4509,1.6,29.58
S0355,wetland_saturated,0.8071,62.06,0.0,90.37,59.12,0.6542,4.9,96.73
S0356,prairie_mesic,0.1465,131.33,101.1,24.67,38.34,0.3736,1.0,25.3
S0357,prairie_mesic,0.1909,107.41,102.61,43.71,47.46,0.4398,1.2,33.24
S0358,wetland_saturated,0.5534,94.33,40.29,48.87,28.74,0.335,2.5,24.96
S0359,prairie_mesic,0.1882,117.4,94.87,7.51,44.75,0.404,1.5,28.82
S0360,wetland_saturated,0.6844,80.05,24.09,55.46,58.01,0.36,4.3,65.96
S0361,prairie_mesic,0.222,102.24,77.7,47.01,79.47,0.3676,2.2,38.68
S0362,prairie_mesic,0.3634,115.3,48.52,73.68,45.45,0.4958,2.4,61.25
S0363,wetland_saturated,0.6272,64.76,57.54,52.21,55.64,0.4603,3.5,46.73
S0364,wetland_saturated,0.7176,50.3,21.36,78.0,70.98,0.6245,3.8,71.38
S0365,prairie_mesic,0.393,76.88,71.02,93.5,83.17,0.5435,2.7,62.57
S0366,prairie_mesic,0.1275,144.72,96.72,44.87,16.62,0.298,1.7,17.45
S0367,prairie_mesic,0.2936,99.3,54.49,69.07,64.42,0.4766,1.9,51.52
S0368,prairie_mesic,0.2469,102.19,66.87,22.33,50.37,0.3836,1.1,34.89
S0369,wetland_saturated,0.8532,75.12,8.55,96.56,63.07,0.7775,4.3,133.38
S0370,prairie_mesic,0.1722,116.9,102.94,35.6,57.88,0.4372,1.6,31.16
S0371,wetland_saturated,0.7384,79.56,31.02,59.33,53.8,0.6031,3.8,87.33
S0372,wetland_saturated,0.6106,57.05,84.88,48.35,43.07,0.3648,3.4,37.6
S0373,wetland_saturated,0.6836,55.7,52.54,67.47,50.95,0.6445,3.7,68.62
S0374,wetland_saturated,0.6682,61.28,40.48,29.97,58.43,0.6502,2.9,52.72
S0375,prairie_mesic,0.381,68.3,51.25,76.31,61.89,0.6249,2.1,65.07
S0376,prairie_mesic,0.2348,107.37,80.37,35.33,47.1,0.305,2.5,43.2
S0377,prairie_mesic,0.4069,87.05,43.43,87.0,58.74,0.4363,2.5,65.69
S0378,wetland_saturated,0.936,65.56,20.2,119.91,85.27,0.7509,4.7,181.23
S0379,prairie_mesic,0.32,114.97,64.17,56.79,65.41,0.5079,2.6,57.77
S0380,prairie_mesic,0.1841,112.3,100.91,37.17,17.29,0.3216,1.5,22.87
S0381,prairie_mesic,0.2463,95.21,88.96,57.66,54.35,0.4247,1.8,35.27
S0382,prairie_mesic,0.2341,100.92,104.22,48.65,39.4,0.4454,1.0,41.16
S0383,wetland_saturated,0.7895,68.83,23.24,79.24,67.05,0.7228,4.5,82.8
S0384,prairie_mesic,0.2093,98.92,83.17,28.4,60.98,0.3536,1.7,32.63
S0385,wetland_saturated,0.9045,52.44,25.47,98.92,100.0,0.8035,4.5,173.92
S0386,wetland_saturated,0.8646,72.68,18.27,97.29,86.56,0.7962,4.2,145.71
S0387,wetland_saturated,0.6984,64.77,31.93,43.61,47.17,0.5028,4.0,58.75
S0388,wetland_saturated,0.7181,36.31,31.87,75.24,59.96,0.5348,4.1,67.39
S0389,wetland_saturated,0.7304,44.45,29.78,58.36,63.11,0.6222,4.2,75.47
S0390,wetland_saturated,0.6299,82.88,50.52,64.86,64.01,0.4976,3.3,53.42
S0391,wetland_saturated,0.7116,63.2,11.36,58.63,52.37,0.6976,3.2,70.23
S0392,wetland_saturated,0.7661,49.84,0.0,63.35,75.11,0.673,4.8,83.55
S0393,prairie_mesic,0.1134,115.66,85.29,8.8,23.63,0.3914,1.6,18.33
S0394,wetland_saturated,0.6716,59.47,19.07,28.0,74.33,0.4949,3.3,60.96
S0395,wetland_saturated,0.9687,60.38,0.0,123.7,100.0,0.9281,5.0,230.06
S0396,wetland_saturated,0.579,54.09,57.15,45.52,50.89,0.4238,3.0,50.22
S0397,prairie_mesic,0.3559,79.81,55.59,91.12,63.37,0.4246,2.0,58.06
S0398,prairie_mesic,0.287,93.88,68.47,35.71,60.75,0.4361,2.0,44.05
S0399,wetland_saturated,0.9616,54.73,0.0,134.33,86.78,0.8707,4.1,199.82
S0400,prairie_mesic,0.1726,116.22,83.24,56.65,46.99,0.4165,2.0,29.2
S0401,wetland_saturated,0.6504,54.37,55.42,65.22,50.39,0.5609,3.6,38.28
S0402,prairie_mesic,0.0868,126.51,113.97,21.93,24.25,0.3277,1.4,13.83
S0403,prairie_mesic,0.2118,116.47,73.21,38.04,58.17,0.3524,1.0,36.33
S0404,wetland_saturated,0.9188,64.82,5.29,91.66,71.3,0.9322,5.0,156.99
S0405,wetland_saturated,0.7691,60.15,49.39,88.72,74.22,0.5748,3.9,78.13
S0406,wetland_saturated,0.7095,59.27,35.86,49.65,47.39,0.6263,2.9,66.59
S0407,wetland_saturated,0.7199,48.63,14.25,49.14,75.1,0.5507,3.7,73.84
S0408,prairie_mesic,0.3068,89.73,62.17,75.38,77.61,0.4129,2.4,61.37
S0409,prairie_mesic,0.2323,117.45,84.47,70.73,44.43,0.4737,1.5,44.06
S0410,prairie_mesic,0.1409,117.98,98.39,22.75,32.12,0.3815,1.6,22.28
S0411,wetland_saturated,0.9426,49.66,2.39,115.73,60.99,0.7575,4.9,170.77
S0412,wetland_saturated,0.8435,55.98,0.0,75.52,100.0,0.736,4.4,126.62
S0413,prairie_mesic,0.1329,116.34,80.34,40.72,33.03,0.332,1.0,21.85
S0414,wetland_saturated,0.6721,55.98,33.33,78.04,58.29,0.5362,3.4,65.54
S0415,wetland_saturated,0.7255,63.93,28.48,76.29,65.69,0.6253,3.6,67.06
S0416,prairie_mesic,0.3497,94.76,50.84,69.56,50.15,0.3367,2.8,55.41
S0417,prairie_mesic,0.1766,121.28,89.23,44.57,54.05,0.3269,2.0,28.48
S0418,wetland_saturated,0.5631,93.78,54.38,52.29,53.71,0.3632,3.2,32.04
S0419,wetland_saturated,0.6913,72.8,52.43,62.27,60.33,0.4484,2.8,59.22
S0420,prairie_mesic,0.2616,81.6,65.94,56.26,68.28,0.39,2.3,49.39
S0421,prairie_mesic,0.1173,112.68,111.1,4.0,24.2,0.1298,2.3,4.99
S0422,prairie_mesic,0.2275,111.46,84.63,58.7,47.14,0.3666,2.3,27.44
S0423,wetland_saturated,0.7042,54.69,43.06,61.64,67.29,0.5809,4.1,67.83
S0424,wetland_saturated,0.7129,46.78,39.11,61.94,38.09,0.5318,4.4,66.2
S0425,prairie_mesic,0.3603,84.65,69.69,78.51,54.0,0.4561,3.2,61.6
S0426,wetland_saturated,0.6854,52.95,39.5,61.52,54.32,0.5422,4.0,75.15
S0427,prairie_mesic,0.3493,81.86,66.15,79.82,77.74,0.438,2.4,59.98
S0428,wetland_saturated,0.9203,51.35,1.39,121.5,89.94,0.9148,4.8,205.61
S0429,wetland_saturated,0.583,85.74,54.14,30.39,57.88,0.4956,2.6,39.6
S0430,wetland_saturated,0.8697,63.25,23.31,103.56,68.01,0.8125,4.1,116.85
S0431,wetland_saturated,0.7719,85.38,9.04,63.98,73.41,0.671,5.0,92.16
S0432,wetland_saturated,0.936,58.68,0.0,114.47,85.06,0.9215,4.7,183.21
S0433,wetland_saturated,0.9086,55.24,5.45,109.81,100.0,0.8006,4.1,176.89
S0434,wetland_saturated,0.9171,57.83,8.94,119.84,91.63,0.9031,4.7,189.84
S0435,prairie_mesic,0.2002,113.07,78.15,43.61,48.0,0.3337,1.0,36.92
S0436,wetland_saturated,0.8593,66.18,3.81,110.92,55.03,0.8591,3.8,130.94
S0437,wetland_saturated,0.9112,82.6,1.52,101.06,83.24,0.7217,5.0,153.34
S0438,wetland_saturated,0.588,67.55,19.62,56.07,48.08,0.3612,3.6,17.11
S0439,wetland_saturated,0.8422,70.8,2.58,90.38,79.86,0.8034,4.4,138.88
S0440,wetland_saturated,0.8297,63.68,2.74,98.17,89.13,0.6065,4.1,132.54
S0441,wetland_saturated,0.7335,41.14,15.05,103.1,63.38,0.6836,3.7,82.36
S0442,prairie_mesic,0.1239,127.58,121.67,27.62,33.26,0.1874,1.5,22.86
S0443,prairie_mesic,0.3462,102.95,40.54,79.07,84.49,0.3882,2.9,56.82
S0444,wetland_saturated,0.6081,59.08,34.81,48.78,24.01,0.445,1.8,44.14
S0445,prairie_mesic,0.3681,89.37,17.61,111.81,60.31,0.6066,3.4,58.7
S0446,wetland_saturated,0.8333,41.98,0.5,93.29,71.51,0.7005,4.2,105.01
S0447,prairie_mesic,0.2355,78.87,62.93,86.15,64.77,0.4236,1.7,54.91
S0448,wetland_saturated,0.6295,77.54,37.06,42.15,54.62,0.4483,3.8,40.37
S0449,wetland_saturated,0.7901,53.64,32.33,67.49,82.07,0.6214,4.1,95.68
S0450,wetland_saturated,0.9059,47.74,15.9,100.94,95.3,0.8024,4.8,156.43
S0451,prairie_mesic,0.2777,93.07,65.98,70.18,73.01,0.5147,2.1,53.23
S0452,prairie_mesic,0.1856,104.2,84.62,21.27,30.49,0.3884,1.0,35.32
S0453,wetland_saturated,0.8268,54.72,26.77,95.32,81.33,0.6742,4.1,100.07
S0454,wetland_saturated,0.777,66.19,19.58,92.49,64.91,0.6594,4.5,80.19
S0455,wetland_saturated,0.7888,46.38,1.8,69.66,62.1,0.6426,3.6,93.56
S0456,wetland_saturated,0.841,51.4,0.0,87.38,70.59,0.7204,3.9,123.25
S0457,prairie_mesic,0.1441,116.5,88.91,53.34,42.92,0.2419,1.0,19.27
S0458,prairie_mesic,0.0998,133.52,116.81,7.11,16.41,0.1347,1.0,10.51
S0459,prairie_mesic,0.2582,109.75,108.05,55.96,68.89,0.3231,2.1,46.38
S0460,prairie_mesic,0.2605,89.87,76.23,34.72,99.03,0.3922,2.0,51.19
S0461,prairie_mesic,0.4131,101.6,43.79,93.59,67.84,0.6248,2.7,71.0
S0462,prairie_mesic,0.1362,111.64,84.09,15.17,29.77,0.2397,1.0,16.63
S0463,wetland_saturated,0.9057,79.58,11.15,117.33,88.24,0.7931,4.2,170.38
S0464,wetland_saturated,0.7256,46.25,5.02,60.75,72.73,0.489,3.7,56.31
S0465,wetland_saturated,0.6868,77.32,48.73,69.44,39.36,0.5017,3.5,45.93
S0466,wetland_saturated,0.9049,50.51,14.97,145.36,86.37,0.9132,5.0,191.03
S0467,wetland_saturated,0.7002,79.98,31.95,57.55,60.7,0.579,4.6,70.92
S0468,prairie_mesic,0.1627,125.25,96.71,23.84,51.32,0.2646,1.0,18.98
S0469,wetland_saturated,0.8635,50.22,13.53,87.51,92.25,0.8535,4.7,125.0
S0470,prairie_mesic,0.3254,83.47,60.01,73.16,59.26,0.4216,2.6,51.31
S0471,wetland_saturated,0.9302,63.05,0.0,135.26,96.23,0.834,4.3,197.16
S0472,prairie_mesic,0.3689,100.67,85.72,103.17,75.72,0.3675,2.7,61.16
S0473,prairie_mesic,0.167,111.1,87.03,37.32,40.97,0.3876,1.6,29.61
S0474,wetland_saturated,0.6601,63.06,51.91,45.04,52.37,0.5441,3.8,46.4
S0475,prairie_mesic,0.4381,99.62,18.99,94.42,68.08,0.621,2.4,67.74
S0476,prairie_mesic,0.2079,102.09,98.77,78.48,63.37,0.3195,1.9,37.69
S0477,prairie_mesic,0.1667,95.68,112.17,52.6,17.0,0.3578,2.3,22.33
S0478,prairie_mesic,0.404,81.85,55.9,85.23,51.4,0.6186,3.9,67.16
S0479,wetland_saturated,0.798,61.72,22.55,79.78,58.85,0.7092,4.4,102.29
S0480,wetland_saturated,0.6055,89.47,60.84,37.84,54.94,0.4704,3.1,37.39
S0481,wetland_saturated,0.9271,76.8,0.0,112.21,98.11,0.8614,4.1,179.47
S0482,prairie_mesic,0.1245,128.76,109.97,12.95,19.71,0.2283,1.0,8.96
S0483,prairie_mesic,0.1638,118.44,83.92,34.89,45.25,0.2906,1.6,26.04
S0484,prairie_mesic,0.1194,127.93,92.02,41.77,24.76,0.2387,1.0,22.37
S0485,wetland_saturated,0.6745,54.85,56.57,66.69,56.4,0.4434,3.7,54.4
S0486,wetland_saturated,0.5869,76.6,68.17,36.28,30.03,0.2145,2.3,28.02
S0487,wetland_saturated,0.7565,48.81,11.27,64.23,60.7,0.6224,3.5,75.36
S0488,wetland_saturated,0.7388,44.38,17.4,75.46,45.35,0.5393,3.8,73.58
S0489,prairie_mesic,0.2639,100.04,64.55,78.71,58.12,0.3392,2.2,46.89
S0490,prairie_mesic,0.1922,110.2,99.2,50.67,55.61,0.3659,1.8,34.08
S0491,prairie_mesic,0.1508,120.5,78.46,44.36,34.42,0.3147,1.7,16.29
S0492,wetland_saturated,0.636,74.37,52.39,47.35,53.05,0.5001,2.9,45.51
S0493,wetland_saturated,0.7762,61.22,27.94,72.42,67.26,0.597,3.9,89.9
S0494,prairie_mesic,0.2982,97.2,64.6,44.84,42.4,0.3237,2.3,49.14
S0495,prairie_mesic,0.2728,100.22,94.83,56.78,65.82,0.3651,2.7,40.58
S0496,prairie_mesic,0.2164,105.56,75.51,52.58,66.31,0.4415,1.9,38.13
S0497,prairie_mesic,0.4067,82.73,52.28,110.84,69.97,0.652,2.9,62.58
S0498,prairie_mesic,0.2762,100.12,59.14,50.5,48.02,0.4825,2.1,43.15
S0499,prairie_mesic,0.4152,98.77,70.5,96.99,51.18,0.6522,2.9,67.0
S0500,prairie_mesic,0.4002,81.72,46.48,82.7,58.7,0.4656,2.4,61.48
S0501,wetland_saturated,0.848,61.97,10.53,98.4,76.16,0.7351,4.0,126.03
S0502,prairie_mesic,0.4125,84.23,54.26,77.44,49.76,0.5312,2.7,65.12
S0503,wetland_saturated,0.6259,61.26,30.0,42.85,46.27,0.4201,3.1,50.75
S0504,wetland_saturated,0.7268,45.49,16.85,65.09,89.83,0.5917,4.5,74.02
S0505,prairie_mesic,0.1025,136.31,125.48,4.0,11.21,0.15,1.2,3.78
S0506,wetland_saturated,0.9169,71.53,5.97,115.7,77.96,0.8148,4.3,169.1
S0507,prairie_mesic,0.1655,120.3,79.92,28.54,43.45,0.3584,1.4,25.0
S0508,wetland_saturated,0.8409,82.02,14.52,94.45,77.65,0.5991,4.3,100.12
S0509,wetland_saturated,0.8147,58.29,7.61,86.2,57.96,0.7426,3.9,110.52
S0510,prairie_mesic,0.1713,144.18,142.96,39.18,54.33,0.426,1.6,36.08
S0511,prairie_mesic,0.4117,86.66,61.89,107.25,66.26,0.4905,2.2,64.05
S0512,wetland_saturated,0.9379,59.39,0.0,131.77,98.05,0.8827,5.0,189.18
S0513,prairie_mesic,0.2602,88.83,90.95,70.81,43.47,0.4061,1.5,43.64
S0514,wetland_saturated,0.6343,70.04,17.02,52.61,46.14,0.5255,2.9,49.01
S0515,prairie_mesic,0.3415,98.42,58.81,75.87,60.58,0.4727,2.6,55.52
S0516,prairie_mesic,0.269,95.55,104.72,43.26,52.35,0.5571,1.0,50.87
S0517,wetland_saturated,0.7507,77.52,18.87,74.77,76.12,0.6391,3.1,62.65
S0518,prairie_mesic,0.1312,121.8,74.52,40.48,37.93,0.3183,1.1,25.34
S0519,prairie_mesic,0.4161,94.58,49.28,91.83,64.38,0.5902,2.7,66.93
S0520,prairie_mesic,0.2888,83.26,91.55,47.89,55.65,0.4608,1.8,52.42
S0521,wetland_saturated,0.8341,65.97,11.33,97.69,90.96,0.6917,4.0,120.79
S0522,wetland_saturated,0.8916,57.13,0.0,130.81,87.32,0.8637,4.7,163.24
S0523,prairie_mesic,0.1469,110.49,87.92,49.6,38.28,0.3341,1.0,25.17
S0524,wetland_saturated,0.9151,51.01,0.0,99.15,93.87,0.8372,4.5,179.7
S0525,prairie_mesic,0.3601,118.48,63.39,58.93,58.88,0.547,2.5,62.04
S0526,prairie_mesic,0.1086,116.77,121.19,18.34,10.8,0.2992,1.0,13.74
S0527,prairie_mesic,0.2869,77.34,85.69,44.64,57.9,0.3926,1.6,46.53
S0528,wetland_saturated,0.9293,46.82,9.73,94.1,76.16,0.95,5.0,202.93
S0529,prairie_mesic,0.1544,112.78,73.94,35.3,33.45,0.3055,1.0,22.88
S0530,prairie_mesic,0.3617,95.93,36.2,80.39,78.26,0.4881,2.8,65.37
S0531,prairie_mesic,0.1502,125.85,109.21,23.76,17.09,0.2775,1.0,15.21
S0532,prairie_mesic,0.1571,124.31,77.65,20.9,42.7,0.2207,1.1,21.92
S0533,wetland_saturated,0.8183,52.8,8.03,74.27,72.0,0.7973,3.3,99.59
S0534,prairie_mesic,0.1638,121.47,103.38,33.02,45.4,0.2562,1.0,17.81
S0535,wetland_saturated,0.7306,52.4,22.35,31.94,61.71,0.4716,2.8,64.34
S0536,prairie_mesic,0.2826,82.75,46.92,35.26,47.82,0.4059,2.5,51.93
S0537,prairie_mesic,0.2223,89.02,76.35,47.85,38.3,0.403,1.5,39.33
S0538,wetland_saturated,0.6383,52.47,51.75,80.64,70.99,0.5483,3.2,45.27
S0539,wetland_saturated,0.6424,75.84,58.41,62.86,50.89,0.441,3.9,63.37
S0540,prairie_mesic,0.2803,98.03,73.72,41.78,51.69,0.4042,1.5,51.0
S0541,prairie_mesic,0.3277,99.81,61.14,70.66,57.2,0.4113,2.5,53.04
S0542,prairie_mesic,0.2699,91.52,54.75,48.06,58.02,0.3577,1.8,46.32
S0543,prairie_mesic,0.2753,102.55,54.82,79.06,62.4,0.4642,1.6,55.08
S0544,wetland_saturated,0.6133,53.34,42.77,41.61,61.49,0.4564,2.8,39.39
S0545,prairie_mesic,0.2214,113.51,89.72,32.51,41.78,0.3856,1.5,35.07
S0546,prairie_mesic,0.3628,91.03,63.09,80.73,59.25,0.4411,2.0,60.35
S0547,prairie_mesic,0.4093,97.57,24.01,59.9,58.38,0.6003,3.5,61.98
S0548,wetland_saturated,0.8327,65.37,0.0,85.7,77.04,0.8027,4.1,122.94
S0549,wetland_saturated,0.7658,47.25,46.47,58.27,58.77,0.4885,3.5,63.48
S0550,prairie_mesic,0.2106,88.71,86.09,52.09,30.5,0.3898,1.0,32.08
S0551,prairie_mesic,0.2522,83.7,45.54,37.17,63.43,0.4666,2.5,45.73
S0552,prairie_mesic,0.2609,98.66,103.75,55.14,64.17,0.4203,2.0,53.24
S0553,prairie_mesic,0.114,123.75,96.6,41.18,34.62,0.2626,2.1,22.73
S0554,wetland_saturated,0.8147,45.22,15.9,91.0,79.47,0.655,4.0,114.18
S0555,wetland_saturated,0.6398,56.19,51.72,57.96,43.38,0.5159,3.5,54.56
S0556,prairie_mesic,0.2527,86.98,66.73,55.97,44.62,0.3273,1.6,47.04
S0557,prairie_mesic,0.211,108.29,81.77,55.21,48.38,0.363,1.8,27.19
S0558,prairie_mesic,0.2811,78.81,102.39,54.24,59.41,0.3988,1.5,49.74
S0559,wetland_saturated,0.8153,43.99,27.35,86.13,65.23,0.6578,2.5,95.08
S0560,wetland_saturated,0.7323,48.81,34.48,79.78,52.7,0.507,3.5,86.29
S0561,prairie_mesic,0.2304,97.73,83.42,34.85,61.22,0.3752,1.6,42.2
S0562,prairie_mesic,0.3555,76.12,42.8,78.04,54.87,0.5002,3.0,58.71
S0563,prairie_mesic,0.137,117.22,118.87,18.87,44.39,0.2566,2.4,16.28
S0564,wetland_saturated,0.7377,70.13,4.46,90.8,81.45,0.6385,3.6,91.84
S0565,prairie_mesic,0.4059,76.93,59.53,108.69,62.05,0.6621,3.2,61.16
S0566,wetland_saturated,0.835,58.77,0.0,77.77,73.44,0.8335,3.9,118.93
S0567,wetland_saturated,0.7023,70.2,1.65,55.51,47.52,0.6965,3.4,71.52
S0568,prairie_mesic,0.3018,84.91,66.87,72.08,60.91,0.3663,1.7,50.52
S0569,prairie_mesic,0.3293,82.7,47.16,95.98,64.95,0.3789,2.5,52.62
S0570,prairie_mesic,0.2576,107.88,42.6,44.06,37.56,0.4616,2.1,39.93
S0571,wetland_saturated,0.6003,72.15,60.25,29.28,50.34,0.4057,2.6,32.37
S0572,wetland_saturated,0.5988,90.04,85.16,23.8,43.69,0.517,2.5,26.25
S0573,prairie_mesic,0.2296,109.5,105.29,40.76,62.69,0.5027,1.6,34.86
S0574,prairie_mesic,0.4072,87.64,51.38,77.58,56.3,0.5718,3.6,69.87
S0575,prairie_mesic,0.2883,96.08,65.51,82.91,46.99,0.3907,2.2,56.07
S0576,prairie_mesic,0.3697,92.77,70.67,72.66,61.84,0.5841,2.6,67.28
S0577,wetland_saturated,0.9018,71.74,20.08,101.85,75.11,0.6115,4.8,153.23
S0578,wetland_saturated,0.8452,55.36,0.28,80.43,78.47,0.7338,4.7,127.21
S0579,wetland_saturated,0.8977,61.34,4.07,109.91,78.42,0.7945,4.5,150.75
S0580,prairie_mesic,0.276,95.13,77.96,69.42,54.1,0.3015,1.7,43.05
S0581,wetland_saturated,0.7206,67.58,43.25,53.64,59.06,0.6028,4.6,55.57
S0582,wetland_saturated,0.9391,48.24,0.88,104.96,80.0,0.8978,4.3,171.05
S0583,wetland_saturated,0.6548,73.51,38.09,63.02,43.65,0.4365,2.9,47.72
S0584,prairie_mesic,0.2093,109.7,104.9,38.08,53.3,0.3682,1.5,38.93
S0585,prairie_mesic,0.0955,108.06,123.14,16.85,10.04,0.205,1.0,13.49
S0586,prairie_mesic,0.0924,135.9,112.25,8.19,9.8,0.0911,1.1,7.23
S0587,prairie_mesic,0.2155,125.29,105.5,58.34,61.23,0.4282,1.6,39.5
S0588,wetland_saturated,0.9248,63.81,0.0,132.29,81.65,0.8625,4.3,221.57
S0589,wetland_saturated,0.7973,75.08,37.57,95.5,77.51,0.6589,3.8,84.49
S0590,prairie_mesic,0.3145,90.07,68.64,69.54,53.89,0.4336,3.0,60.84
S0591,wetland_saturated,0.7921,40.87,63.2,99.86,76.02,0.6893,3.3,76.57
S0592,wetland_saturated,0.8275,40.97,0.0,100.26,74.64,0.6913,3.2,130.13
S0593,prairie_mesic,0.09,123.93,92.62,20.63,36.59,0.2302,1.1,19.23
S0594,wetland_saturated,0.6836,54.97,44.73,62.48,56.27,0.4839,3.6,75.42
S0595,wetland_saturated,0.9058,49.51,8.84,111.08,70.58,0.7518,4.7,163.85
S0596,wetland_saturated,0.8704,60.71,34.27,95.47,84.62,0.7178,4.1,140.15
S0597,prairie_mesic,0.4068,96.07,47.16,74.76,53.6,0.3921,2.2,54.8
S0598,wetland_saturated,0.9116,43.31,16.4,107.27,95.01,0.8039,3.7,166.57
S0599,wetland_saturated,0.6317,65.83,66.47,57.25,43.81,0.4813,2.8,40.28
S0600,prairie_mesic,0.2801,107.08,75.23,76.97,58.52,0.4124,2.8,53.57
S0601,wetland_saturated,0.8739,48.0,0.0,102.58,71.71,0.9391,3.3,169.78
S0602,prairie_mesic,0.3649,98.64,81.21,98.12,61.64,0.4983,2.0,59.81
S0603,wetland_saturated,0.6903,53.46,50.2,55.65,63.13,0.5976,3.4,62.43
S0604,wetland_saturated,0.8964,64.16,11.71,111.21,99.25,0.8442,4.4,182.55
S0605,wetland_saturated,0.7753,70.6,19.92,67.45,86.14,0.707,3.6,81.53
S0606,wetland_saturated,0.6588,72.11,45.65,58.03,53.06,0.5491,2.9,52.86
S0607,prairie_mesic,0.2274,107.61,74.68,37.37,58.94,0.4321,2.0,47.41
S0608,wetland_saturated,0.9169,44.83,12.32,113.43,83.94,0.8616,4.6,179.89
S0609,prairie_mesic,0.3123,103.95,67.58,76.69,45.73,0.3741,1.9,48.23
S0610,prairie_mesic,0.2249,89.02,64.14,49.28,42.84,0.3884,2.6,35.65
S0611,wetland_saturated,0.5903,74.39,33.88,55.46,51.64,0.3375,3.2,39.26
S0612,wetland_saturated,0.6429,73.22,37.45,57.04,22.03,0.5045,3.1,41.06
S0613,prairie_mesic,0.2614,101.92,77.85,72.56,56.87,0.47,1.9,42.29
S0614,wetland_saturated,0.7919,63.51,11.31,87.42,76.65,0.6659,3.0,101.87
S0615,wetland_saturated,0.795,51.49,11.64,133.16,60.02,0.7106,4.4,104.27
S0616,wetland_saturated,0.9142,41.85,10.24,131.22,92.64,0.8498,4.0,192.05
S0617,prairie_mesic,0.171,121.57,83.0,56.79,55.8,0.287,1.2,28.66
S0618,wetland_saturated,0.8883,63.4,26.53,89.24,73.98,0.95,3.9,125.89
S0619,wetland_saturated,0.7956,73.0,5.83,87.23,62.44,0.7841,3.9,117.16
S0620,wetland_saturated,0.8003,59.2,5.6,103.58,66.0,0.6582,4.5,107.24
S0621,wetland_saturated,0.7574,42.35,30.95,93.77,52.94,0.6535,4.0,71.75
S0622,wetland_saturated,0.8057,72.01,0.0,116.88,76.85,0.8001,4.8,121.11
S0623,prairie_mesic,0.3682,84.95,46.66,81.63,58.75,0.4943,2.2,59.71
S0624,wetland_saturated,0.7209,61.57,38.29,55.36,60.28,0.5408,3.9,67.32
S0625,prairie_mesic,0.2946,84.56,41.02,46.89,65.02,0.3921,2.0,51.65
S0626,wetland_saturated,0.644,85.63,63.04,33.18,41.86,0.5262,3.1,45.34
S0627,prairie_mesic,0.2601,89.22,100.11,34.58,55.61,0.4488,2.8,44.96
S0628,wetland_saturated,0.6873,58.09,33.48,59.99,43.21,0.4834,4.0,53.64
S0629,prairie_mesic,0.0992,117.67,101.78,20.3,18.41,0.2458,1.6,16.18
S0630,prairie_mesic,0.3309,77.0,75.4,84.69,63.75,0.4922,2.6,56.63
S0631,wetland_saturated,0.8139,63.76,3.64,93.69,84.85,0.789,4.1,100.79
S0632,prairie_mesic,0.385,108.01,68.79,82.79,62.12,0.4669,2.7,64.2
S0633,prairie_mesic,0.1267,115.18,92.19,22.03,28.36,0.2888,1.0,14.24
S0634,prairie_mesic,0.2673,100.93,67.35,37.48,58.04,0.3838,2.2,38.07
S0635,prairie_mesic,0.3807,59.21,44.82,90.57,75.68,0.534,2.6,56.88
S0636,wetland_saturated,0.7591,57.68,24.6,49.93,72.9,0.6378,3.0,73.2
S0637,wetland_saturated,0.7839,57.1,26.57,99.22,94.18,0.6488,3.0,111.11
S0638,prairie_mesic,0.3477,80.14,54.92,78.85,68.35,0.5151,2.7,60.18
S0639,wetland_saturated,0.8447,72.98,0.0,104.76,81.96,0.7329,4.5,123.72
S0640,prairie_mesic,0.2734,87.41,49.53,37.58,64.26,0.3785,2.9,46.94
S0641,wetland_saturated,0.9557,52.73,8.79,113.25,73.7,0.8271,4.3,191.93
S0642,wetland_saturated,0.6603,62.84,73.4,57.61,55.24,0.5077,3.0,34.05
S0643,prairie_mesic,0.1011,101.23,110.54,16.01,35.46,0.1962,1.0,15.68
S0644,prairie_mesic,0.2685,76.68,54.71,72.07,57.32,0.5153,2.6,54.44
S0645,prairie_mesic,0.3438,100.06,68.25,94.93,50.04,0.6112,2.4,59.38
S0646,prairie_mesic,0.2751,75.85,74.1,70.18,49.87,0.3563,1.5,30.65
S0647,wetland_saturated,0.5871,67.18,46.52,35.64,36.23,0.3224,3.2,24.41
S0648,wetland_saturated,0.6912,53.52,12.3,94.3,74.53,0.5881,4.3,68.0
S0649,wetland_saturated,0.9778,72.22,24.17,104.24,80.67,0.8148,4.5,221.05
S0650,prairie_mesic,0.2726,101.95,32.02,91.25,55.06,0.3475,2.3,43.06
S0651,prairie_mesic,0.427,84.9,67.31,104.3,56.25,0.5614,2.9,62.04
S0652,wetland_saturated,0.7361,72.27,19.79,80.36,62.28,0.4914,3.2,64.65
S0653,prairie_mesic,0.3252,81.46,56.23,73.39,68.24,0.4959,1.4,53.96
S0654,prairie_mesic,0.2759,105.1,96.25,40.19,66.31,0.4089,2.3,48.26
S0655,prairie_mesic,0.1722,99.58,84.51,46.16,27.19,0.4269,1.1,24.92
S0656,prairie_mesic,0.449,102.77,45.17,83.31,68.78,0.6221,1.8,69.33
S0657,wetland_saturated,0.9736,48.39,1.11,136.42,84.56,0.9381,5.0,203.62
S0658,prairie_mesic,0.2265,84.23,79.3,42.93,61.11,0.3761,2.9,47.05
S0659,prairie_mesic,0.2666,93.21,66.55,46.88,53.8,0.4332,1.7,35.79
S0660,wetland_saturated,0.7814,61.03,0.0,63.19,56.13,0.6469,3.0,72.87
S0661,wetland_saturated,0.9508,51.57,0.0,121.28,85.5,0.7553,4.0,189.38
S0662,prairie_mesic,0.3769,96.22,75.13,82.88,62.72,0.5278,2.8,67.31
S0663,prairie_mesic,0.4216,84.31,56.61,79.24,67.18,0.5886,2.9,71.89
S0664,prairie_mesic,0.2932,100.03,76.42,34.08,48.02,0.4346,1.3,44.75
S0665,wetland_saturated,0.8327,63.6,11.93,70.49,66.0,0.6646,3.8,85.61
S0666,prairie_mesic,0.3283,88.33,49.06,78.98,58.01,0.3845,3.0,50.22
S0667,prairie_mesic,0.2124,97.02,106.26,57.85,45.44,0.3517,1.9,41.38
S0668,wetland_saturated,0.8091,61.98,7.18,93.4,73.74,0.744,4.6,106.82
S0669,wetland_saturated,0.8792,66.59,0.0,96.86,84.46,0.7997,4.8,149.48
S0670,wetland_saturated,0.5814,98.04,68.5,31.06,37.94,0.3687,3.7,46.83
S0671,prairie_mesic,0.2458,100.85,53.92,62.46,65.79,0.3259,2.1,59.55
S0672,wetland_saturated,0.658,73.8,32.09,70.41,52.11,0.5102,2.1,44.93
S0673,prairie_mesic,0.3137,124.12,64.04,79.9,44.47,0.389,2.4,48.37
S0674,wetland_saturated,0.6202,74.89,47.79,70.99,43.76,0.4684,3.4,38.83
S0675,prairie_mesic,0.301,100.24,76.09,32.26,40.86,0.3677,1.5,45.99
S0676,wetland_saturated,0.5872,85.6,84.72,35.23,22.95,0.3999,2.8,36.05
S0677,prairie_mesic,0.3499,78.19,66.31,88.43,54.97,0.3414,2.2,58.77
S0678,wetland_saturated,0.8996,55.33,0.0,117.49,80.28,0.7353,4.9,159.35
S0679,wetland_saturated,0.6489,63.21,52.31,35.22,39.47,0.4734,3.5,44.61
S0680,prairie_mesic,0.1023,129.57,105.4,33.13,23.88,0.1688,1.3,11.21
S0681,prairie_mesic,0.1223,120.66,105.69,17.91,32.23,0.1872,1.7,5.97
S0682,wetland_saturated,0.9532,54.72,6.71,121.5,92.91,0.8752,4.7,207.97
S0683,prairie_mesic,0.1022,134.71,104.88,39.26,14.64,0.135,1.0,10.96
S0684,prairie_mesic,0.2678,104.67,71.79,80.03,61.22,0.3489,2.1,39.19
S0685,prairie_mesic,0.3057,88.06,72.28,67.64,65.36,0.4893,2.3,53.88
S0686,wetland_saturated,0.7931,51.53,6.99,98.29,67.11,0.6355,3.2,98.96
S0687,wetland_saturated,0.9053,73.88,0.0,74.41,68.62,0.8074,4.1,123.32
S0688,wetland_saturated,0.7418,66.33,68.33,75.59,60.95,0.4762,4.9,94.32
S0689,prairie_mesic,0.125,102.96,91.58,4.0,35.5,0.2597,1.0,13.06
S0690,wetland_saturated,0.678,61.74,45.28,32.23,39.17,0.3834,2.7,56.44
S0691,prairie_mesic,0.4313,93.02,32.86,98.68,39.87,0.6568,2.9,66.66
S0692,wetland_saturated,0.7385,66.38,26.72,59.36,71.96,0.5774,4.6,71.81
S0693,prairie_mesic,0.2769,99.28,47.19,75.79,54.35,0.4919,2.7,54.49
S0694,prairie_mesic,0.3481,92.14,52.92,109.26,66.85,0.3729,2.1,51.9
S0695,prairie_mesic,0.3403,96.53,71.61,88.34,58.36,0.6199,3.0,65.78
S0696,prairie_mesic,0.4131,90.75,63.06,83.94,63.4,0.5174,3.7,60.58
S0697,wetland_saturated,0.6462,59.46,54.15,56.91,38.86,0.3709,3.3,49.06
S0698,prairie_mesic,0.1791,111.51,68.49,33.42,47.95,0.341,1.9,20.98
S0699,prairie_mesic,0.1299,116.51,124.75,46.57,22.71,0.3818,1.7,22.63
S0700,wetland_saturated,0.5786,72.85,32.89,48.76,73.34,0.3901,2.4,42.52
S0701,wetland_saturated,0.9221,37.46,25.65,118.16,82.31,0.8526,4.9,178.33
S0702,wetland_saturated,0.7182,53.91,44.76,87.92,81.97,0.5544,3.6,73.89
S0703,wetland_saturated,0.7112,58.81,37.58,80.8,58.84,0.6378,3.5,57.72
S0704,prairie_mesic,0.0944,119.62,92.44,4.0,20.52,0.1622,1.0,1.0
S0705,prairie_mesic,0.4057,86.33,60.53,84.52,73.83,0.4224,2.7,55.01
S0706,prairie_mesic,0.3512,94.42,52.87,57.28,59.75,0.4639,2.4,48.56
S0707,prairie_mesic,0.1902,100.65,93.43,48.9,23.68,0.3608,1.3,29.14
S0708,prairie_mesic,0.2529,81.39,74.24,48.86,69.68,0.3182,2.5,38.38
S0709,wetland_saturated,0.8671,57.29,0.0,96.14,62.35,0.6718,3.7,122.88
S0710,prairie_mesic,0.1802,118.04,106.66,24.98,43.62,0.3531,1.0,28.35
S0711,prairie_mesic,0.1063,134.95,96.07,35.84,22.18,0.4265,1.8,23.08
S0712,prairie_mesic,0.1582,122.48,87.22,20.48,32.66,0.2714,1.0,18.5
S0713,wetland_saturated,0.7267,42.54,22.97,63.11,65.28,0.5434,3.8,64.97
S0714,prairie_mesic,0.0893,118.89,108.77,35.1,36.14,0.1991,1.6,14.38
S0715,wetland_saturated,0.6038,76.54,37.67,27.7,59.75,0.3898,2.7,30.0
S0716,wetland_saturated,0.7955,61.99,0.0,105.44,68.33,0.7021,3.9,103.59
S0717,prairie_mesic,0.147,126.53,108.39,29.66,18.63,0.3688,1.0,11.95
S0718,prairie_mesic,0.1248,111.25,111.04,19.99,10.34,0.2526,1.0,4.44
S0719,wetland_saturated,0.5947,79.61,50.82,30.97,57.3,0.4976,2.9,25.57
S0720,wetland_saturated,0.8788,65.96,0.0,104.82,78.52,0.8017,5.0,137.2
S0721,prairie_mesic,0.2241,110.51,81.9,72.59,60.68,0.2971,1.2,35.64
S0722,wetland_saturated,0.6916,51.65,14.57,48.52,56.79,0.5504,4.0,59.03
S0723,wetland_saturated,0.9185,51.01,0.0,121.02,91.87,0.815,4.1,193.5
S0724,prairie_mesic,0.3192,59.55,45.94,80.88,34.74,0.4765,2.8,55.48
S0725,prairie_mesic,0.1279,112.82,113.76,33.46,5.97,0.1461,1.3,15.32
S0726,prairie_mesic,0.2495,92.28,70.98,59.76,73.88,0.3949,2.1,38.37
S0727,prairie_mesic,0.1704,105.37,90.8,42.39,58.28,0.3903,1.6,24.08
S0728,prairie_mesic,0.2732,100.09,106.02,38.97,54.95,0.4979,1.8,39.83
S0729,prairie_mesic,0.3387,89.47,69.03,81.26,50.82,0.2975,2.4,61.21
S0730,prairie_mesic,0.1708,83.42,93.43,61.52,42.07,0.3394,1.8,25.92
S0731,prairie_mesic,0.3455,91.45,52.51,76.87,70.62,0.4176,1.4,59.86
S0732,prairie_mesic,0.2521,87.92,67.59,50.54,48.37,0.4092,2.3,41.89
S0733,wetland_saturated,0.9278,66.41,0.0,107.54,80.65,0.6669,3.6,142.3
S0734,wetland_saturated,0.7825,43.78,36.24,99.52,65.63,0.5316,3.7,69.76
S0735,wetland_saturated,0.8045,59.11,22.4,73.17,63.75,0.7115,3.4,87.75
S0736,wetland_saturated,0.5907,72.39,49.45,65.04,49.53,0.5045,3.0,38.26
S0737,wetland_saturated,0.8749,63.66,1.09,107.83,97.97,0.7704,4.2,157.6
S0738,wetland_saturated,0.6661,66.95,55.28,74.74,58.39,0.5693,2.7,44.97
S0739,prairie_mesic,0.2728,88.23,42.52,71.96,64.15,0.4283,1.6,47.92
S0740,wetland_saturated,0.7456,40.95,13.44,76.98,71.08,0.6127,3.3,92.16
S0741,prairie_mesic,0.1153,104.27,85.14,15.6,29.49,0.1821,1.5,18.28
S0742,wetland_saturated,0.9493,51.72,29.29,106.24,76.76,0.8548,5.0,173.94
S0743,prairie_mesic,0.1196,119.33,113.95,14.76,28.62,0.418,1.0,21.27
S0744,prairie_mesic,0.1726,95.41,48.31,46.69,61.03,0.4379,2.3,30.71
S0745,prairie_mesic,0.1224,127.97,80.21,4.0,6.99,0.2671,1.6,15.11
S0746,wetland_saturated,0.716,54.86,24.89,64.31,41.14,0.5869,4.1,54.9
S0747,wetland_saturated,0.602,64.36,44.75,38.69,29.97,0.5467,2.7,52.98
S0748,wetland_saturated,0.6457,63.01,24.91,63.89,48.05,0.5038,4.0,38.91
S0749,wetland_saturated,0.741,60.3,52.32,88.04,63.14,0.6712,3.3,76.38
S0750,prairie_mesic,0.1981,113.55,94.9,23.92,42.55,0.3469,1.3,20.41
S0751,wetland_saturated,0.5885,92.0,56.58,36.71,48.02,0.4679,3.7,36.79
S0752,prairie_mesic,0.3353,81.65,48.33,62.99,52.33,0.5704,2.3,54.08
S0753,wetland_saturated,0.6903,60.95,49.78,76.82,66.71,0.581,2.8,46.18
S0754,wetland_saturated,0.6075,75.9,43.67,60.42,45.45,0.4954,2.7,41.33
S0755,wetland_saturated,0.7589,58.92,9.75,66.16,77.43,0.6936,4.5,100.54
S0756,wetland_saturated,0.7327,52.75,38.49,62.65,62.57,0.5417,3.2,64.57
S0757,wetland_saturated,0.9068,43.74,0.0,93.51,66.62,0.8236,4.8,142.67
S0758,prairie_mesic,0.1408,111.67,122.27,32.0,48.87,0.3672,1.0,18.33
S0759,prairie_mesic,0.2352,81.43,72.43,57.44,53.65,0.4542,1.3,46.3
S0760,wetland_saturated,0.6132,56.4,71.29,23.06,43.32,0.5858,2.4,31.49
S0761,wetland_saturated,0.5717,65.45,35.25,21.62,37.08,0.3404,2.8,28.43
S0762,prairie_mesic,0.0887,111.75,92.4,14.35,5.93,0.1252,1.0,5.29
S0763,wetland_saturated,0.5638,85.35,36.4,42.02,27.43,0.3502,3.1,32.1
S0764,prairie_mesic,0.217,105.16,80.81,46.21,49.48,0.3701,1.5,36.61
S0765,prairie_mesic,0.2219,90.34,80.18,62.33,44.98,0.4283,1.2,31.27
S0766,wetland_saturated,0.7781,55.9,8.79,95.52,78.53,0.6077,3.7,89.81
S0767,wetland_saturated,0.6928,38.55,17.26,40.2,50.13,0.5219,3.1,60.36
S0768,prairie_mesic,0.4144,85.49,36.39,104.86,68.89,0.6379,2.9,62.98
S0769,wetland_saturated,0.6767,65.11,36.25,54.8,57.93,0.4882,3.0,70.93
S0770,wetland_saturated,0.8668,70.39,0.0,105.62,94.17,0.8046,4.7,123.79
S0771,wetland_saturated,0.7297,50.25,17.95,49.92,44.66,0.5575,3.6,63.43
S0772,prairie_mesic,0.2329,108.95,98.76,33.23,61.55,0.3136,2.3,40.74
S0773,prairie_mesic,0.1083,102.89,99.76,20.76,32.15,0.2597,1.3,15.86
S0774,prairie_mesic,0.1998,86.18,97.78,58.53,60.85,0.3782,1.9,35.6
S0775,prairie_mesic,0.3237,97.32,54.12,64.6,61.55,0.4984,2.4,51.27
S0776,prairie_mesic,0.1863,126.12,91.42,34.9,27.58,0.3979,1.8,32.21
S0777,prairie_mesic,0.2859,94.5,59.24,59.97,71.88,0.4995,2.2,55.78
S0778,prairie_mesic,0.1774,108.37,63.47,28.47,43.85,0.4035,1.5,33.28
S0779,prairie_mesic,0.3879,66.93,76.75,119.38,69.02,0.5674,3.5,71.62
S0780,prairie_mesic,0.257,79.05,78.38,46.79,59.16,0.4084,1.5,37.67
S0781,prairie_mesic,0.3107,90.43,70.0,64.93,52.45,0.4989,2.1,49.78
S0782,wetland_saturated,0.858,56.72,0.0,118.31,92.53,0.7126,4.0,153.93
S0783,prairie_mesic,0.2968,81.04,67.18,37.65,64.84,0.3917,1.6,45.96
S0784,wetland_saturated,0.9025,61.85,0.0,81.93,66.33,0.7286,4.8,151.45
S0785,wetland_saturated,0.8332,62.6,24.51,104.3,74.76,0.7409,3.3,125.4
S0786,wetland_saturated,0.6866,69.85,38.6,74.21,49.42,0.5444,3.1,61.41
S0787,prairie_mesic,0.2482,100.82,83.52,73.01,64.38,0.2604,1.9,51.32
S0788,prairie_mesic,0.0633,134.85,123.63,18.63,30.69,0.3516,1.3,11.59
S0789,wetland_saturated,0.6,67.96,63.94,61.21,51.89,0.4257,3.5,54.12
S0790,prairie_mesic,0.3375,87.73,70.45,85.82,56.82,0.4143,2.8,52.97
S0791,prairie_mesic,0.3698,100.72,38.12,41.48,63.44,0.379,2.6,60.0
S0792,prairie_mesic,0.3367,78.25,48.3,80.82,74.08,0.5179,2.2,62.07
S0793,wetland_saturated,0.9398,86.44,0.0,129.17,91.35,0.8007,4.7,192.11
S0794,prairie_mesic,0.3704,93.15,69.42,98.14,66.82,0.3991,2.7,64.83
S0795,prairie_mesic,0.3882,93.2,61.23,90.89,61.48,0.4114,2.1,57.19
S0796,wetland_saturated,0.8384,67.13,0.0,98.08,73.87,0.7546,4.5,120.98
S0797,wetland_saturated,0.7548,78.56,18.41,87.16,63.21,0.5608,3.5,73.9
S0798,prairie_mesic,0.3162,101.29,46.22,56.38,71.3,0.4718,2.1,50.83
S0799,prairie_mesic,0.13,96.48,93.99,18.86,39.64,0.416,1.1,15.65
S0800,prairie_mesic,0.2395,118.02,57.09,46.79,52.86,0.3996,1.7,38.92
S0801,wetland_saturated,0.6382,60.51,50.59,39.12,68.23,0.4786,3.2,63.15
S0802,prairie_mesic,0.2433,99.54,82.49,69.77,51.96,0.3603,1.4,45.65
S0803,prairie_mesic,0.1717,97.04,120.08,38.66,45.78,0.2652,1.8,30.14
S0804,prairie_mesic,0.0686,128.8,118.48,18.16,29.45,0.142,1.0,2.26
S0805,prairie_mesic,0.382,83.71,49.06,106.89,68.67,0.5391,3.0,67.76
S0806,prairie_mesic,0.2606,97.11,86.01,67.52,43.41,0.3618,1.8,44.79
S0807,prairie_mesic,0.2478,97.7,58.88,56.63,62.69,0.343,1.6,41.13
S0808,wetland_saturated,0.7347,79.0,10.76,76.36,75.61,0.6199,4.1,64.29
S0809,prairie_mesic,0.2231,123.83,86.27,52.83,40.11,0.4372,1.2,43.14
S0810,prairie_mesic,0.1332,120.55,69.21,24.49,43.87,0.3776,1.5,18.36
S0811,wetland_saturated,0.913,56.96,2.2,127.87,94.15,0.7952,4.1,178.45
S0812,prairie_mesic,0.3923,85.68,40.97,86.54,63.77,0.4462,3.1,66.87
S0813,wetland_saturated,0.6036,89.96,54.83,54.44,41.75,0.4879,2.4,34.07
S0814,prairie_mesic,0.2227,108.64,76.55,55.26,49.52,0.4134,1.0,32.0
S0815,wetland_saturated,0.6183,65.39,54.82,25.88,50.35,0.4086,3.5,38.13
S0816,wetland_saturated,0.9141,68.22,3.0,115.48,100.0,0.8178,4.2,196.32
S0817,prairie_mesic,0.1726,108.79,116.42,24.01,23.42,0.3913,1.6,23.98
S0818,wetland_saturated,0.6443,69.22,48.24,49.2,48.39,0.4099,2.9,43.41
S0819,prairie_mesic,0.2577,76.64,59.39,67.17,68.76,0.3982,1.7,55.41
S0820,wetland_saturated,0.9174,64.93,0.0,105.2,75.29,0.8373,4.1,181.87
S0821,wetland_saturated,0.8191,81.34,0.0,109.4,80.43,0.8252,3.6,102.52
S0822,prairie_mesic,0.1157,126.62,106.03,28.82,37.43,0.2855,2.3,18.39
S0823,wetland_saturated,0.8827,76.5,12.05,97.9,79.32,0.8877,5.0,156.79
S0824,wetland_saturated,0.7,50.24,71.22,68.92,61.27,0.5958,3.4,76.82
S0825,wetland_saturated,0.8881,63.9,0.0,77.31,96.09,0.7539,4.0,138.22
S0826,wetland_saturated,0.7229,47.47,21.7,86.12,56.07,0.6398,4.4,67.7
S0827,wetland_saturated,0.8725,56.48,0.0,120.31,78.26,0.8125,4.8,163.39
S0828,wetland_saturated,0.5421,87.63,57.11,49.78,41.48,0.4984,2.6,29.47
S0829,wetland_saturated,0.7411,59.31,24.58,83.89,70.37,0.6694,3.2,78.81
S0830,prairie_mesic,0.3827,75.68,54.49,110.09,61.87,0.5778,2.6,71.63
S0831,wetland_saturated,0.5882,62.51,69.21,26.27,55.02,0.4224,3.1,21.4
S0832,prairie_mesic,0.1156,102.45,89.47,35.85,30.91,0.343,2.6,21.31
S0833,wetland_saturated,0.9158,62.01,17.53,105.03,89.36,0.7743,3.7,182.68
S0834,prairie_mesic,0.2696,114.69,75.7,45.14,65.16,0.4198,2.2,50.97
S0835,wetland_saturated,0.7767,73.91,14.85,91.61,64.64,0.6593,3.3,88.49
S0836,wetland_saturated,0.7983,37.52,12.99,97.12,76.48,0.568,2.9,96.21
S0837,wetland_saturated,0.869,77.03,41.67,103.12,79.93,0.7178,3.7,130.77
S0838,prairie_mesic,0.3853,100.4,43.67,108.95,66.93,0.5268,3.1,59.22
S0839,prairie_mesic,0.2714,75.48,72.94,69.26,62.6,0.418,2.0,49.34
S0840,wetland_saturated,0.5731,75.54,42.56,32.11,46.38,0.3401,3.8,37.5
S0841,wetland_saturated,0.6449,79.72,73.18,55.34,42.72,0.4869,3.1,46.6
S0842,wetland_saturated,0.8816,67.32,17.52,96.86,73.21,0.8495,4.2,142.83
S0843,wetland_saturated,0.745,43.7,9.33,79.42,79.57,0.6007,4.1,90.24
S0844,wetland_saturated,0.5816,85.78,61.58,24.37,49.11,0.3851,2.9,34.06
S0845,prairie_mesic,0.2369,69.33,72.93,58.58,60.12,0.3205,1.7,46.43
S0846,prairie_mesic,0.3939,87.86,48.0,64.06,83.16,0.6542,2.8,60.68
S0847,wetland_saturated,0.6742,76.73,53.96,64.84,26.27,0.6583,3.4,54.02
S0848,wetland_saturated,0.7672,58.61,23.36,65.33,61.05,0.7003,5.0,93.45
S0849,prairie_mesic,0.3319,85.48,68.94,61.25,56.74,0.4212,2.5,49.56
S0850,wetland_saturated,0.9361,62.71,2.42,117.32,89.79,0.855,4.2,206.68
S0851,prairie_mesic,0.2456,109.08,83.28,45.32,56.0,0.3935,2.3,42.29
S0852,wetland_saturated,0.8456,75.72,9.58,114.32,43.86,0.7582,3.8,117.56
S0853,prairie_mesic,0.2367,108.43,78.27,57.74,54.45,0.3425,1.4,46.18
S0854,wetland_saturated,0.9224,69.17,0.0,126.65,91.08,0.8854,3.9,179.64
S0855,wetland_saturated,0.7645,66.14,45.09,100.55,71.11,0.5827,3.3,87.3
S0856,wetland_saturated,0.9338,61.13,0.0,105.04,96.91,0.7857,4.7,181.93
S0857,prairie_mesic,0.4198,91.42,62.07,82.27,53.27,0.6447,2.3,64.81
S0858,prairie_mesic,0.3256,86.63,56.25,62.43,40.6,0.4033,2.4,53.12
S0859,wetland_saturated,0.9726,39.14,29.5,121.67,76.86,0.9389,5.0,203.74
S0860,wetland_saturated,0.7489,47.58,6.0,45.27,63.82,0.6399,4.0,93.22
S0861,wetland_saturated,0.7089,56.84,24.18,57.84,43.07,0.4398,3.6,65.27
S0862,prairie_mesic,0.0784,125.31,90.62,16.08,29.25,0.1881,1.2,10.66
S0863,wetland_saturated,0.8277,75.73,16.3,96.17,59.79,0.5962,4.4,109.64
S0864,prairie_mesic,0.3473,89.91,43.81,40.49,56.99,0.3785,2.4,42.54
S0865,wetland_saturated,0.707,69.79,24.43,56.12,56.05,0.5554,3.5,64.91
S0866,prairie_mesic,0.1281,123.87,60.14,44.48,63.48,0.3588,1.4,27.4
S0867,prairie_mesic,0.3497,86.69,60.98,88.51,77.38,0.6117,1.9,64.15
S0868,prairie_mesic,0.1735,122.69,89.52,57.04,44.86,0.2236,1.4,25.93
S0869,prairie_mesic,0.1986,106.25,66.75,53.02,45.07,0.4151,2.1,30.12
S0870,wetland_saturated,0.6019,90.36,68.59,12.23,20.34,0.377,3.3,25.42
S0871,wetland_saturated,0.8968,68.08,0.0,89.43,74.93,0.717,4.3,146.79
S0872,prairie_mesic,0.2486,85.68,89.29,59.04,37.62,0.384,2.2,41.24
S0873,wetland_saturated,0.9221,61.75,0.0,110.09,86.35,0.8175,4.6,156.19
S0874,prairie_mesic,0.1405,138.13,125.55,35.04,29.81,0.319,1.0,23.2
S0875,wetland_saturated,0.6325,72.78,62.96,35.45,24.69,0.412,4.0,38.5
S0876,prairie_mesic,0.4025,95.5,40.44,94.62,44.4,0.6356,2.1,62.99
S0877,wetland_saturated,0.9495,62.4,0.0,120.34,80.0,0.8604,4.3,191.4
S0878,wetland_saturated,0.632,56.32,55.53,54.66,41.14,0.5428,3.6,45.29
S0879,wetland_saturated,0.8091,66.18,5.23,94.9,84.4,0.736,4.2,107.54
S0880,wetland_saturated,0.99,36.94,0.59,125.46,78.32,0.8332,5.0,208.74
S0881,prairie_mesic,0.1167,114.21,122.0,25.76,23.17,0.2806,1.0,12.05
S0882,prairie_mesic,0.2166,118.12,74.91,38.02,40.47,0.3446,1.0,33.08
S0883,wetland_saturated,0.7608,61.9,21.91,69.52,76.03,0.6073,3.8,76.2
S0884,wetland_saturated,0.892,56.15,17.19,105.46,83.13,0.6562,4.5,173.42
S0885,wetland_saturated,0.8238,65.57,20.97,91.23,82.75,0.7585,3.7,114.37
S0886,prairie_mesic,0.1159,122.38,103.42,4.0,19.99,0.1986,1.3,1.0
S0887,wetland_saturated,0.6977,60.76,32.43,69.62,60.81,0.5463,3.7,54.27
S0888,wetland_saturated,0.5732,80.92,24.98,30.3,29.07,0.4119,3.7,36.29
S0889,prairie_mesic,0.0945,114.29,88.75,31.52,17.17,0.223,1.0,10.69
S0890,wetland_saturated,0.6924,64.99,47.79,61.2,56.25,0.4788,3.1,46.87
S0891,wetland_saturated,0.7986,56.3,9.89,74.76,76.07,0.721,4.4,97.47
S0892,wetland_saturated,0.8053,43.77,7.79,105.68,81.61,0.7822,3.8,120.82
S0893,wetland_saturated,0.7217,50.79,52.97,56.38,49.89,0.5227,4.0,60.44
S0894,prairie_mesic,0.197,127.02,72.18,50.08,40.26,0.4216,1.6,21.29
S0895,prairie_mesic,0.0833,127.39,102.5,26.86,18.7,0.1408,1.0,7.97
S0896,wetland_saturated,0.6146,56.2,51.86,48.79,52.16,0.4251,3.4,45.27
S0897,prairie_mesic,0.4161,73.59,45.03,109.46,58.44,0.5736,3.1,67.59
S0898,wetland_saturated,0.6879,58.26,55.51,61.15,76.53,0.4747,3.6,68.48
S0899,prairie_mesic,0.2579,116.67,91.86,44.42,60.1,0.468,2.6,41.41
S0900,wetland_saturated,0.7103,57.39,38.23,69.72,50.54,0.4647,3.3,75.03
S0901,prairie_mesic,0.4065,105.26,82.32,110.17,63.62,0.691,3.7,66.37
S0902,prairie_mesic,0.2502,101.16,52.96,71.75,56.8,0.2727,2.0,53.55
S0903,prairie_mesic,0.1052,126.63,103.28,4.0,26.85,0.2491,1.7,10.28
S0904,prairie_mesic,0.3855,74.64,62.58,102.15,54.66,0.5791,2.9,65.2
S0905,wetland_saturated,0.8107,71.13,0.0,79.71,100.0,0.7192,4.2,117.21
S0906,wetland_saturated,0.7453,54.91,21.05,50.56,71.59,0.6988,3.4,92.46
S0907,wetland_saturated,0.6887,71.28,22.39,64.26,40.36,0.668,3.0,72.34
S0908,wetland_saturated,0.623,64.13,61.03,27.96,43.85,0.4643,3.9,32.35
S0909,prairie_mesic,0.4051,92.53,71.43,72.98,69.98,0.585,3.1,64.74
S0910,wetland_saturated,0.917,62.9,6.87,116.89,80.92,0.7951,5.0,167.29
S0911,wetland_saturated,0.7503,56.25,0.0,82.27,60.82,0.6325,4.4,83.82
S0912,wetland_saturated,0.6383,75.11,34.45,30.42,41.15,0.4181,3.8,41.08
S0913,wetland_saturated,0.7651,55.25,27.38,75.73,51.15,0.6113,4.1,86.45
S0914,prairie_mesic,0.2921,83.32,64.95,65.26,51.12,0.3477,2.2,50.91
S0915,wetland_saturated,0.6524,81.91,2.23,75.55,55.64,0.5651,3.6,59.62
S0916,wetland_saturated,0.7702,69.48,45.57,81.22,59.23,0.4982,4.0,73.74
S0917,wetland_saturated,0.8732,50.76,4.85,116.18,93.47,0.7823,4.1,171.75
S0918,wetland_saturated,0.8757,67.59,0.0,87.75,84.78,0.7481,4.6,149.59
S0919,wetland_saturated,0.6521,52.55,51.9,68.2,58.94,0.575,4.2,59.42
S0920,wetland_saturated,0.6298,55.82,37.31,45.86,56.38,0.537,3.1,48.37
S0921,wetland_saturated,0.8196,72.21,0.0,98.71,76.15,0.8888,4.0,113.44
S0922,wetland_saturated,0.6684,39.97,36.82,55.85,66.49,0.5433,3.8,69.06
S0923,wetland_saturated,0.6864,71.71,65.24,55.12,63.26,0.5048,3.1,74.05
S0924,prairie_mesic,0.3397,86.24,82.9,79.53,49.59,0.4039,3.1,56.16
S0925,prairie_mesic,0.1762,100.4,87.49,52.21,46.5,0.4546,1.6,37.19
S0926,prairie_mesic,0.1041,127.54,112.74,12.34,30.06,0.148,1.1,11.92
S0927,prairie_mesic,0.149,126.61,113.67,16.12,27.37,0.2823,1.4,7.8
S0928,prairie_mesic,0.222,98.91,69.18,35.68,40.2,0.2955,1.3,30.24
S0929,prairie_mesic,0.2181,112.08,93.42,42.2,60.25,0.3635,1.6,33.68
S0930,wetland_saturated,0.6567,65.94,32.18,85.04,45.27,0.4888,3.7,45.24
S0931,wetland_saturated,0.7355,44.96,36.5,69.64,50.08,0.6459,3.5,56.38
S0932,wetland_saturated,0.8457,58.3,7.07,70.26,68.65,0.7057,3.5,100.63
S0933,wetland_saturated,0.622,90.52,59.55,31.56,39.13,0.3502,2.9,33.81
S0934,wetland_saturated,0.8932,77.16,4.52,119.54,69.65,0.8215,4.8,182.16
S0935,wetland_saturated,0.7255,66.07,0.0,83.99,53.45,0.4607,3.7,74.21
S0936,wetland_saturated,0.6814,49.17,42.48,40.36,57.11,0.4492,3.5,61.59
S0937,wetland_saturated,0.576,78.12,60.06,42.45,60.17,0.4805,3.2,33.53
S0938,wetland_saturated,0.9636,62.21,9.75,126.92,97.33,0.8775,5.0,216.75
S0939,prairie_mesic,0.3515,98.15,62.39,57.77,48.11,0.4737,2.4,51.84
S0940,prairie_mesic,0.097,131.82,130.73,31.08,24.14,0.1288,1.2,6.68
S0941,wetland_saturated,0.6135,82.42,58.28,18.42,36.4,0.3908,2.5,32.03
S0942,wetland_saturated,0.9322,55.98,9.29,125.44,92.85,0.8301,5.0,180.54
S0943,prairie_mesic,0.3917,83.78,71.3,86.57,40.12,0.4751,2.7,61.54
S0944,prairie_mesic,0.4209,70.54,60.68,97.86,64.77,0.5933,3.2,67.06
S0945,prairie_mesic,0.3549,93.29,43.16,93.44,41.11,0.585,3.5,59.0
S0946,prairie_mesic,0.0706,124.94,68.98,4.0,21.02,0.2198,1.0,9.49
S0947,prairie_mesic,0.4091,96.18,48.82,68.8,78.82,0.5298,3.1,60.8
S0948,prairie_mesic,0.3311,75.61,75.74,72.65,78.11,0.4156,2.7,49.55
S0949,prairie_mesic,0.2628,99.34,62.78,35.22,38.45,0.4356,2.1,48.53
S0950,prairie_mesic,0.3015,114.91,80.2,54.6,61.55,0.4469,2.7,53.43
S0951,prairie_mesic,0.3756,90.64,58.52,89.78,50.0,0.4897,3.3,57.84
S0952,wetland_saturated,0.7006,59.25,54.49,46.86,37.32,0.4594,4.4,69.84
S0953,wetland_saturated,0.7953,62.35,10.49,74.08,81.4,0.7055,4.3,93.53
S0954,prairie_mesic,0.3249,112.59,71.11,61.91,73.29,0.4503,3.5,46.81
S0955,prairie_mesic,0.2905,80.33,74.49,73.22,65.38,0.3517,1.9,48.17
S0956,prairie_mesic,0.128,124.45,127.01,21.57,15.5,0.1554,2.1,15.2
S0957,prairie_mesic,0.1079,113.27,78.66,9.83,31.62,0.2023,1.5,8.39
S0958,prairie_mesic,0.2805,88.07,64.12,57.16,32.32,0.4029,2.7,41.83
S0959,prairie_mesic,0.3277,88.46,71.58,82.81,52.67,0.3482,2.4,57.89
S0960,wetland_saturated,0.9554,73.52,25.94,115.18,98.32,0.7948,5.0,179.95
S0961,wetland_saturated,0.6124,94.4,55.21,54.45,46.33,0.4587,3.4,36.81
S0962,prairie_mesic,0.1264,126.04,98.55,36.13,24.42,0.2847,1.0,22.14
S0963,prairie_mesic,0.2852,85.4,73.56,62.16,58.76,0.3787,2.3,52.42
S0964,prairie_mesic,0.2885,117.66,77.14,59.83,57.85,0.3619,1.3,52.02
S0965,wetland_saturated,0.8149,54.43,8.79,79.76,69.49,0.7721,3.4,103.64
S0966,wetland_saturated,0.9112,53.06,7.79,101.85,72.92,0.8017,3.8,158.5
S0967,wetland_saturated,0.7373,38.99,34.67,82.55,63.38,0.629,4.3,89.22
S0968,prairie_mesic,0.1964,126.65,120.01,50.48,39.05,0.4096,3.0,35.08
S0969,wetland_saturated,0.8088,71.15,20.5,111.29,76.34,0.7129,4.1,106.98
S0970,prairie_mesic,0.4233,117.16,56.23,89.16,69.66,0.5014,2.2,69.2
S0971,prairie_mesic,0.3086,74.61,62.43,76.49,53.92,0.4267,2.6,55.16
S0972,prairie_mesic,0.3254,105.42,70.01,74.1,59.8,0.4014,2.8,58.35
S0973,prairie_mesic,0.1715,117.06,95.45,37.23,48.58,0.3261,1.2,22.66
S0974,wetland_saturated,0.8798,68.83,5.84,92.74,92.03,0.862,3.7,158.49
S0975,wetland_saturated,0.5758,57.97,36.59,38.1,42.21,0.4873,2.8,35.26
S0976,prairie_mesic,0.295,106.83,84.58,64.22,44.71,0.4901,1.6,54.03
S0977,wetland_saturated,0.8539,69.77,0.0,96.65,96.19,0.8328,4.4,120.14
S0978,wetland_saturated,0.6659,59.61,28.98,66.4,56.61,0.5378,3.8,60.0
S0979,prairie_mesic,0.0881,127.17,103.09,4.0,53.17,0.2588,1.3,15.62
S0980,prairie_mesic,0.1467,110.53,130.12,10.02,25.83,0.1909,1.0,7.56
S0981,prairie_mesic,0.3218,82.69,53.67,74.02,55.28,0.5189,2.1,49.95
S0982,prairie_mesic,0.3383,83.91,48.67,79.19,56.89,0.4381,2.5,56.47
S0983,prairie_mesic,0.2682,69.83,55.78,88.64,60.84,0.4402,2.8,49.18
S0984,wetland_saturated,0.7629,68.02,41.67,73.92,60.39,0.7752,3.9,84.96
S0985,prairie_mesic,0.3391,102.12,17.2,77.42,59.42,0.3715,3.3,52.15
S0986,wetland_saturated,0.8921,53.47,0.0,101.47,89.77,0.7999,4.5,151.8
S0987,prairie_mesic,0.3369,92.9,99.04,94.53,61.63,0.5614,2.7,58.04
S0988,wetland_saturated,0.9374,56.53,11.72,116.99,99.77,0.8452,4.5,166.78
S0989,wetland_saturated,0.6593,65.82,23.12,89.17,62.47,0.4892,3.5,54.13
S0990,wetland_saturated,0.6555,55.83,39.89,57.87,50.79,0.53,3.4,55.35
S0991,prairie_mesic,0.429,81.0,56.5,112.55,58.44,0.6431,3.8,66.92
S0992,prairie_mesic,0.2902,103.46,80.13,66.56,67.55,0.4575,1.4,53.15
S0993,wetland_saturated,0.8878,59.19,30.56,103.1,74.8,0.8137,4.9,164.11
S0994,wetland_saturated,0.8587,83.62,10.61,115.8,79.14,0.827,3.8,140.89
S0995,prairie_mesic,0.1247,122.89,96.63,24.06,16.49,0.2686,1.4,4.19
S0996,wetland_saturated,0.9014,51.03,15.89,45.38,61.87,0.7957,4.2,155.75
S0997,prairie_mesic,0.2272,111.45,65.83,43.4,52.13,0.3289,2.4,41.1
S0998,wetland_saturated,0.6262,76.73,32.76,71.88,44.86,0.5741,2.3,34.5
S0999,wetland_saturated,0.8688,69.32,0.0,75.2,91.08,0.8216,4.0,149.63
S1000,prairie_mesic,0.1906,117.4,60.42,37.49,65.5,0.3101,2.7,40.06
